up_label,down_label,state,cace,se,down_primary,upyear_char,upyear,weights,bandwidth
presprimary00,00,AR,-0.44977680242978485,1.6389236174417299,general,00,2000,0.3722910303014331,60
presprimary00,00,CO,3.9722951537992754,5.956684791782466,general,00,2000,0.02818322977812732,60
presprimary00,00,CT,0.8930560616766526,1.1030463401987298,general,00,2000,0.8218877055399811,60
presprimary00,00,FL,-0.3702005740506194,1.239418045602928,general,00,2000,0.6509750893056515,60
presprimary00,00,IL,0.8536131736521276,0.37579761126716893,general,00,2000,7.080957203727528,60
presprimary00,00,MI,2.639996085973295,1.0464089749928902,general,00,2000,0.913265576433799,60
presprimary00,00,MO,0.5437297153328731,1.0807819345055412,general,00,2000,0.856098717599028,60
presprimary00,00,MT,-1.9966689535125772,4.196772667753373,general,00,2000,0.056776564516382286,60
presprimary00,00,NV,1.4929410277590096,1.1141366653889964,general,00,2000,0.8056066944445198,60
presprimary00,02,AR,0.34840349579541724,1.3338460782576267,general,00,2000,0.5620676208988232,60
presprimary00,02,CO,-0.5635802633289007,3.8843165742984596,general,00,2000,0.06627820898197144,60
presprimary00,02,CT,0.9865516175744778,0.8797830145212623,general,00,2000,1.2919593637294846,60
presprimary00,02,FL,-0.28982773693864217,1.1544784850731815,general,00,2000,0.7502885389341105,60
presprimary00,02,IL,0.19398973827842217,0.27924579257590476,general,00,2000,12.824094907313407,60
presprimary00,02,MI,1.5521012569001897,0.6845848486390986,general,00,2000,2.1337593341796217,60
presprimary00,02,MO,-0.2614420211837898,0.8201393715878457,general,00,2000,1.486704574573116,60
presprimary00,02,MT,-2.470198964678235,2.3911219248579503,general,00,2000,0.174902717286357,60
presprimary00,02,NV,-0.7542772212363335,1.2041937737146364,general,00,2000,0.6896158668523543,60
presprimary00,04,AR,2.5411814452053636,2.717252892431602,general,00,2000,0.13543779685548965,60
presprimary00,04,CO,2.165471110656915,9.845187098744285,general,00,2000,0.01031696725550636,60
presprimary00,04,CT,0.4604204424603717,2.0791022373712607,general,00,2000,0.23133870943450918,60
presprimary00,04,FL,-0.2768560175080765,1.9328402967431173,general,00,2000,0.26767515152200955,60
presprimary00,04,IL,-0.14819253531729706,0.48226254339835267,general,00,2000,4.299648326218114,60
presprimary00,04,MO,4.6182434656324924e-4,1.7437208252257619,general,00,2000,0.32888653346474583,60
presprimary00,04,MT,1.2992256987378492,3.382152714611694,general,00,2000,0.08742055777595985,60
presprimary00,04,NV,-2.360726276531782,2.102910800378747,general,00,2000,0.22613005948091822,60
presprimary00,06,AR,1.5097270548136694,1.6101473316303279,general,00,2000,0.38571698794821335,60
presprimary00,06,CO,-8.12125891793882,6.404819199165172,general,00,2000,0.02437733641555347,60
presprimary00,06,CT,1.186364277484248,1.4599751467282047,general,00,2000,0.46914714132442653,60
presprimary00,06,FL,1.2207618312999804,1.7009824709866619,general,00,2000,0.3456211602068122,60
presprimary00,06,IL,-0.17700865095849483,0.35676442412516013,general,00,2000,7.856641168319096,60
presprimary00,06,MO,-1.0638353243922218,1.5993408911309395,general,00,2000,0.39094702947550947,60
presprimary00,06,MT,5.082005628684969,3.9135500872117253,general,00,2000,0.0652917346658998,60
presprimary00,06,NV,-0.3945621792530663,1.1389513147853005,general,00,2000,0.7708851495720387,60
presprimary00,08,AR,7.52290460185174,6.632185014636787,general,00,2000,0.022734569455350528,60
presprimary00,08,CO,7.4749173293016575,12.314981252818363,general,00,2000,0.006593750196311708,60
presprimary00,08,CT,0.6056639468056979,2.779459127533029,general,00,2000,0.12944325222182337,60
presprimary00,08,FL,-0.5756292465300727,2.349629206314688,general,00,2000,0.1811345665545474,60
presprimary00,08,IL,-0.1293767866611325,0.7673652774939195,general,00,2000,1.6982268855956786,60
presprimary00,08,MO,1.5293484226758614,2.2130850834281266,general,00,2000,0.20417557064580644,60
presprimary00,08,MT,1.94998304182674,6.450593472020937,general,00,2000,0.02403259426868518,60
presprimary00,08,NV,-2.994059173954898,2.6467820557440844,general,00,2000,0.14274589790764627,60
presprimary00,10,AR,4.661644617480109,4.034585479776268,general,00,2000,0.06143306133181046,60
presprimary00,10,CT,0.49465564983203875,1.776282579101324,general,00,2000,0.31693914867877704,60
presprimary00,10,FL,0.6258632480368488,1.4139180270954166,general,00,2000,0.5002090405230084,60
presprimary00,10,IL,0.2426201297624574,0.4637199701261727,general,00,2000,4.650379565253129,60
presprimary00,10,MO,0.06643281703893841,1.4281545844385022,general,00,2000,0.49028608028252896,60
presprimary00,10,MT,3.669876764133303,5.273076064289907,general,00,2000,0.03596432617666291,60
presprimary00,10,NV,-2.8128424228019075,1.9101544586793595,general,00,2000,0.27407096372905415,60
presprimary00,12,AR,6.4130675213102775,4.522260190007563,general,00,2000,0.048897753619711805,60
presprimary00,12,CT,-1.6441092649291245,2.590622698790604,general,00,2000,0.14900185221879889,60
presprimary00,12,FL,2.705475116517967,2.863456674273129,general,00,2000,0.1219603795481919,60
presprimary00,12,IL,0.6540301626215598,0.8798792575712772,general,00,2000,1.2916767447037727,60
presprimary00,12,MO,0.17005420079604455,2.5355013142127873,general,00,2000,0.1555508254256337,60
presprimary00,12,MT,4.707754987077896,6.822889686793802,general,00,2000,0.02148143554833952,60
presprimary00,12,NV,-2.4409749204290323,2.7426501453537977,general,00,2000,0.1329410717382918,60
presprimary00,presprimary04,AR,1.397319416695202,0.9733348320757038,primary,00,2000,1.0555418797611562,60
presprimary00,presprimary04,CT,0.35168432308713443,0.2916753936600881,primary,00,2000,11.754398620742506,60
presprimary00,presprimary04,FL,-0.4013253867999522,0.2930624233302917,primary,00,2000,11.643397573799941,60
presprimary00,presprimary04,IL,0.35231735835032546,0.19329473967878605,primary,00,2000,26.76454898493343,60
presprimary00,presprimary04,MO,0.1577624431906657,0.30263064090369274,primary,00,2000,10.91878224386868,60
presprimary00,presprimary04,MT,0.2602238206476175,1.1193434784983054,primary,00,2000,0.7981292980320278,60
presprimary00,presprimary04,NV,0.61295703230968,0.7202224088875288,primary,00,2000,1.9278211490677106,60
presprimary00,presprimary08,AR,0.9628359556492414,0.9073882694348644,primary,00,2000,1.214545191834156,60
presprimary00,presprimary08,FL,-0.16666398425943407,1.1161021272332243,primary,00,2000,0.8027718373067692,60
presprimary00,presprimary08,IL,0.4496502117002326,0.36082984129379353,primary,00,2000,7.680599246904484,60
presprimary00,presprimary08,MI,0.7265702735119802,0.5005450601745561,primary,00,2000,3.9912932768564873,60
presprimary00,presprimary08,MO,-0.1388761969398249,1.0349086392825588,primary,00,2000,0.9336755264555442,60
presprimary00,presprimary08,MT,-0.9839802872299255,2.827235304301387,primary,00,2000,0.1251054096601738,60
presprimary00,presprimary08,NV,0.11709568067147177,0.4815174886371476,primary,00,2000,4.312964361082897,60
presprimary00,presprimary12,AR,2.870221110024286,2.9209824060505385,primary,00,2000,0.11720391473162019,60
presprimary00,presprimary12,CT,0.5682206335082968,0.283964116462341,primary,00,2000,12.401467328789357,60
presprimary00,presprimary12,FL,0.935557143054283,0.7038494204096966,primary,00,2000,2.0185545265181615,60
presprimary00,presprimary12,IL,0.17692340734772946,0.24750749399687283,primary,00,2000,16.32387626078668,60
presprimary00,presprimary12,MI,0.5780217030659952,0.3523099372982761,primary,00,2000,8.056570536512925,60
presprimary00,presprimary12,MO,-0.504387612522353,0.31421779798826033,primary,00,2000,10.128343884913082,60
presprimary00,presprimary12,MT,-1.7789078836093337,3.2902100483634356,primary,00,2000,0.09237463837663935,60
presprimary00,presprimary12,NV,0.20874343196840336,0.6526614474913388,primary,00,2000,2.347599889354328,60
presprimary00,primary02,AR,1.0295568543149733,1.619773179036343,primary,00,2000,0.38114619901802677,60
presprimary00,primary02,CO,0.5345112663607823,1.4469766179203467,primary,00,2000,0.4776139174072483,60
presprimary00,primary02,CT,0.044534773409671234,0.1523739936415569,primary,00,2000,43.07033992311346,60
presprimary00,primary02,FL,-0.34582738584793904,0.654767188400374,primary,00,2000,2.3325243384432843,60
presprimary00,primary02,IL,0.2727222133488672,0.19535154988152906,primary,00,2000,26.203920770103146,60
presprimary00,primary02,MI,0.3418144230724019,0.5196332888116714,primary,00,2000,3.703446453517578,60
presprimary00,primary02,MO,0.11074623252081535,0.5295364397092597,primary,00,2000,3.5662213662923445,60
presprimary00,primary02,MT,-0.4512099698203692,1.1108005747824865,primary,00,2000,0.810452951846593,60
presprimary00,primary02,NV,0.6680747201614762,0.5904040354816246,primary,00,2000,2.8688072214644187,60
presprimary00,primary06,AR,0.8994433443820774,1.113076988755285,primary,00,2000,0.8071413393290876,60
presprimary00,primary06,CO,-0.10284067068432498,1.4742963238922409,primary,00,2000,0.46007690677990726,60
presprimary00,primary06,CT,0.580925148630362,0.5913470263755661,primary,00,2000,2.8596650359235554,60
presprimary00,primary06,FL,1.4849220060742676,1.685898527839898,primary,00,2000,0.3518334582769797,60
presprimary00,primary06,IL,0.03624476449350222,0.2105851284350272,primary,00,2000,22.549899157508744,60
presprimary00,primary06,MI,0.6068277754322713,0.35440942134796766,primary,00,2000,7.9614007128867605,60
presprimary00,primary06,MO,0.3425995136712147,0.44277223302204305,primary,00,2000,5.100811147769548,60
presprimary00,primary06,MT,2.6845540184693157,1.5394497487532663,primary,00,2000,0.42195774801570013,60
presprimary00,primary06,NV,0.37758046145555313,0.6648067037326804,primary,00,2000,2.262607486516255,60
presprimary00,primary10,AR,0.7854995427107634,1.231797201924882,primary,00,2000,0.6590548699720489,60
presprimary00,primary10,CT,0.32668347670275444,0.5548313952318916,primary,00,2000,3.2484631498467715,60
presprimary00,primary10,FL,0.5915367719793904,0.6339630881991168,primary,00,2000,2.4881242006138016,60
presprimary00,primary10,IL,0.05323326299607332,0.2549608189797755,primary,00,2000,15.38342749649927,60
presprimary00,primary10,MI,0.7617939501424438,0.4364940673818647,primary,00,2000,5.248597983942623,60
presprimary00,primary10,MO,-0.23660534298619942,0.728500774020079,primary,00,2000,1.884256251921932,60
presprimary00,primary10,MT,1.5134334055841734,3.7266371241406095,primary,00,2000,0.07200551948504942,60
presprimary00,primary10,NV,-0.5977855117181771,0.78626506502004,primary,00,2000,1.6175661145827975,60
presprimary04,04,AR,7.03914467215439,17.301287369974492,general,04,2004,0.003340743719175708,60
presprimary04,04,CT,-2.8341044159303648,2.026352960497965,general,04,2004,0.24353972399663418,60
presprimary04,04,FL,0.29773573382205926,1.1966924792130758,general,04,2004,0.698288478972652,60
presprimary04,04,IL,0.1540177681807592,0.22303328326794417,general,04,2004,20.102989446203054,60
presprimary04,04,MO,0.4137849378129382,1.6619428796718878,general,04,2004,0.3620493846309968,60
presprimary04,04,MT,0.7105421886505047,1.3551787359658476,general,04,2004,0.54451123229073,60
presprimary04,04,NJ,3.759883468850719,1.8037322960902862,general,04,2004,0.30736600832003647,60
presprimary04,04,NV,-1.2238872856226786,1.09589180682026,general,04,2004,0.8326541288564077,60
presprimary04,04,PA,0.24342527683265053,0.6662658976343857,general,04,2004,2.252707632277325,60
presprimary04,06,AR,1.174756799670409,5.399612477095772,general,04,2004,0.034298475392765586,60
presprimary04,06,CT,1.028506486339913,0.8370418112000445,general,04,2004,1.427268549133007,60
presprimary04,06,FL,0.5547749922514675,1.3050029024102554,general,04,2004,0.5871878286440404,60
presprimary04,06,IL,0.16785561458565498,0.13069643552663482,general,04,2004,58.542668345353285,60
presprimary04,06,MO,-0.692822659758736,1.2427049749614043,general,04,2004,0.6475360117575872,60
presprimary04,06,MT,1.2188918356732636,1.4477439775888288,general,04,2004,0.47710774430889735,60
presprimary04,06,NJ,0.16461544492247013,0.7931905244274852,general,04,2004,1.5894430261253831,60
presprimary04,06,NV,-0.561536693683369,0.5453076560863606,general,04,2004,3.3629221180810687,60
presprimary04,06,PA,-0.2748576496702045,0.5622409039123233,general,04,2004,3.1634073834646683,60
presprimary04,08,AR,7.553465709150841,15.37990083154306,general,04,2004,0.004227590659059608,60
presprimary04,08,CT,-1.678945283650749,2.510451753524115,general,04,2004,0.1586705185932391,60
presprimary04,08,FL,0.334366895017119,1.2277254473977997,general,04,2004,0.663433633301173,60
presprimary04,08,IL,-0.25291283015627924,0.2566787395892185,general,04,2004,15.178197650941922,60
presprimary04,08,MO,0.08426553727528645,1.6206912282126942,general,04,2004,0.38071451672898027,60
presprimary04,08,MT,1.963681359954668,1.9418445624243694,general,04,2004,0.2651985061939775,60
presprimary04,08,NJ,4.6008535686450305,2.255273812295568,general,04,2004,0.19660811798997072,60
presprimary04,08,NV,-0.8119697280094368,0.9261362417114198,general,04,2004,1.1658703058422084,60
presprimary04,08,PA,-1.0682780342422862,1.6542483357455022,general,04,2004,0.3654252789959687,60
presprimary04,10,AR,2.72782617078503,9.890850339426972,general,04,2004,0.010221926149584443,60
presprimary04,10,CT,2.267269372502041,1.3414549901106123,general,04,2004,0.5557094591381653,60
presprimary04,10,FL,0.31353188676574306,0.7341650303735825,general,04,2004,1.8552934492927198,60
presprimary04,10,IL,-0.1582984109470085,0.16618008398440667,general,04,2004,36.21112784858762,60
presprimary04,10,MO,-0.7781694124344759,0.8976608207152438,general,04,2004,1.241010509165487,60
presprimary04,10,MT,0.196697436983164,1.0777970400783456,general,04,2004,0.8608471120748085,60
presprimary04,10,NJ,-0.837428700995083,1.0558960610638528,general,04,2004,0.896928162227015,60
presprimary04,10,NV,0.21530992994293818,0.6718420383611123,general,04,2004,2.2154688601447514,60
presprimary04,10,PA,-0.9831849803916101,0.7913297952965884,general,04,2004,1.5969266318506457,60
presprimary04,12,AR,7.80711740404691,23.293246095224312,general,04,2004,0.0018430621055496958,60
presprimary04,12,CT,-1.413068094932058,2.3909227083152027,general,04,2004,0.1749318650008774,60
presprimary04,12,FL,0.1855336187932946,1.4185366730890374,general,04,2004,0.49695705914784555,60
presprimary04,12,IL,-0.3215756021522744,0.30292270160580265,general,04,2004,10.897737865937307,60
presprimary04,12,MO,-0.9652109689815228,1.7917819705213427,general,04,2004,0.31147964816608037,60
presprimary04,12,MT,2.9467611375489136,1.6629738447388378,general,04,2004,0.3616006168197689,60
presprimary04,12,NJ,4.273371885041626,1.9076790958821996,general,04,2004,0.27478268219747903,60
presprimary04,12,NV,-0.2531726895437658,0.9851421165942056,general,04,2004,1.0303914049073577,60
presprimary04,12,PA,-1.2242283456417262,1.8868107111133268,general,04,2004,0.28089456360207377,60
presprimary04,presprimary08,AR,0.13831669231822505,2.214169368064041,primary,04,2004,0.2039756489675472,60
presprimary04,presprimary08,FL,-0.13876843740633069,0.49654136858365866,primary,04,2004,4.055917626828612,60
presprimary04,presprimary08,IL,-0.029431514331992863,0.11567327739385572,primary,04,2004,74.73670015937881,60
presprimary04,presprimary08,MO,-0.31629800170653993,0.6966706994008767,primary,04,2004,2.060368536859993,60
presprimary04,presprimary08,MT,0.3343466813500541,1.0933363233839402,primary,04,2004,0.8365510460439302,60
presprimary04,presprimary08,NV,0.007218643698318455,0.233204742785319,primary,04,2004,18.38760826240346,60
presprimary04,presprimary08,PA,-0.8147989043146467,0.7580220485483099,primary,04,2004,1.7403489027314498,60
presprimary04,presprimary12,AR,-1.4208200550567562,6.551540771913124,primary,04,2004,0.02329770296007068,60
presprimary04,presprimary12,CT,0.06031285243336903,0.1765521369276354,primary,04,2004,32.08145398657334,60
presprimary04,presprimary12,FL,-0.07495187775707902,0.2997601744054269,primary,04,2004,11.12889729503626,60
presprimary04,presprimary12,IL,-0.12148154687928067,0.09786670453513739,primary,04,2004,104.40710909825802,60
presprimary04,presprimary12,MO,-0.5477919507244716,0.4122251869538763,primary,04,2004,5.884789771725198,60
presprimary04,presprimary12,MT,-0.12178652816220804,1.025217102799213,primary,04,2004,0.9514113211958733,60
presprimary04,presprimary12,NJ,0.0963055507563615,0.4865132376202748,primary,04,2004,4.224843994025416,60
presprimary04,presprimary12,NV,-0.2022466839505555,0.17880179882079406,primary,04,2004,31.279242904025637,60
presprimary04,presprimary12,PA,-0.26573528112813516,0.26454636352417094,primary,04,2004,14.288821399345379,60
presprimary04,primary06,AR,-0.45343922418133403,3.1735102971495937,primary,04,2004,0.09929335297655761,60
presprimary04,primary06,CT,0.8266798952320862,0.6188558284098731,primary,04,2004,2.6110851150355883,60
presprimary04,primary06,FL,0.65112761333713,1.2790758455784264,primary,04,2004,0.6112338602439149,60
presprimary04,primary06,IL,0.07260662902183981,0.09019571304754975,primary,04,2004,122.92160082238837,60
presprimary04,primary06,MO,-0.1261884582486161,0.47505216351771884,primary,04,2004,4.431159668966464,60
presprimary04,primary06,MT,0.13200392747967718,0.6961903820728815,primary,04,2004,2.0632125063257925,60
presprimary04,primary06,NJ,0.22787661346231367,0.3207614284021835,primary,04,2004,9.719316448250419,60
presprimary04,primary06,NV,-0.05612059422411745,0.2815112014971249,primary,04,2004,12.618526359372396,60
presprimary04,primary06,PA,0.17814712983314782,0.19978279537738985,primary,04,2004,25.054389742382387,60
presprimary04,primary10,AR,-1.8839722335946085,5.765034299673428,primary,04,2004,0.030088200119800616,60
presprimary04,primary10,CT,-0.5205062883825547,0.4714098131697834,primary,04,2004,4.4998989602251305,60
presprimary04,primary10,FL,0.0696274013803211,0.36109848450956306,primary,04,2004,7.669175364243333,60
presprimary04,primary10,IL,0.029073151015106664,0.079750753938197,primary,04,2004,157.2281864725586,60
presprimary04,primary10,MO,-0.6187162038116552,0.5855044438843849,primary,04,2004,2.917021356216367,60
presprimary04,primary10,MT,0.559192275352383,0.6732383969908816,primary,04,2004,2.206288216613695,60
presprimary04,primary10,NJ,-0.003708367328093515,0.29042955921991714,primary,04,2004,11.855458880495824,60
presprimary04,primary10,NV,-0.05165084595388294,0.25227872514342947,primary,04,2004,15.712263169820758,60
presprimary04,primary10,PA,-0.2402201202729126,0.29926386772119146,primary,04,2004,11.165840786981825,60
presprimary08,08,AR,5.984659298659825,3.161755008633524,general,08,2008,0.1000330635821996,60
presprimary08,08,FL,0.02768325415573367,0.2558399541431081,general,08,2008,15.277885921965984,60
presprimary08,08,IL,0.016711382034839805,0.1426541394081036,general,08,2008,49.139557767974765,60
presprimary08,08,KY,0.4825172012659931,0.6247014221150874,general,08,2008,2.5624477038861144,60
presprimary08,08,MO,-0.3149480078624739,0.5262896075490358,general,08,2008,3.610359190444352,60
presprimary08,08,MT,0.06605853107894644,0.5000225130742061,general,08,2008,3.9996398151394907,60
presprimary08,08,NV,0.294621205566787,1.2797616683100783,general,08,2008,0.6105789168084033,60
presprimary08,08,OR,-0.01868951232919405,0.19977819239937508,general,08,2008,25.055544284150336,60
presprimary08,08,PA,-0.04928050852395472,0.23006876267586907,general,08,2008,18.892293605427607,60
presprimary08,08,RI,-0.7064942200034143,0.9037331875807193,general,08,2008,1.224389334521384,60
presprimary08,10,AR,3.3970860916815333,2.0722476517171264,general,08,2008,0.2328716860939183,60
presprimary08,10,FL,-0.009065060255134193,0.1441884934737769,general,08,2008,48.09930393686723,60
presprimary08,10,IL,-0.03513141014387909,0.07081880889880171,general,08,2008,199.3897201533866,60
presprimary08,10,KY,0.9305835147655271,0.36162060706202975,general,08,2008,7.647045216850181,60
presprimary08,10,MO,-0.35141543862749786,0.2645673452197171,general,08,2008,14.286555119567002,60
presprimary08,10,MT,-0.1431948451844436,0.252228256937056,general,08,2008,15.718551514214116,60
presprimary08,10,NV,0.2580465882561354,0.81522706625072,general,08,2008,1.5046753961219441,60
presprimary08,10,OR,0.07441404642744645,0.12310224314705757,general,08,2008,65.98847117549799,60
presprimary08,10,PA,-0.038568208470123495,0.09255228734830998,general,08,2008,116.74161234222343,60
presprimary08,10,RI,-0.5371608295796145,0.42497336985454603,general,08,2008,5.537026049057691,60
presprimary08,12,AR,4.481190258497561,2.6756442021275384,general,08,2008,0.1396829106445812,60
presprimary08,12,FL,0.22561236615373914,0.28175599968018106,general,08,2008,12.596609165602763,60
presprimary08,12,IL,-0.19272395140474197,0.1413356735913609,general,08,2008,50.06064188586248,60
presprimary08,12,KY,0.6674710316226787,0.6509374870894413,general,08,2008,2.360051249570123,60
presprimary08,12,MO,-0.12043965935938293,0.4797854924891508,general,08,2008,4.344159638828792,60
presprimary08,12,MT,0.5531416321940745,0.33428342825969337,general,08,2008,8.948913394647844,60
presprimary08,12,NV,0.7504332894696943,1.2163892963183667,general,08,2008,0.6758570061934277,60
presprimary08,12,OR,-0.11755488891003973,0.16192248380120186,general,08,2008,38.140438859154564,60
presprimary08,12,PA,-0.17201852169103712,0.21188349108157045,general,08,2008,22.274386959039564,60
presprimary08,12,RI,-0.06669514688977918,0.7625471142399782,general,08,2008,1.7197552195532657,60
presprimary08,presprimary12,AR,1.801751970537752,1.213217381372473,primary,08,2008,0.6793956355712475,60
presprimary08,presprimary12,FL,-0.015536093679228612,0.062366420262646105,primary,08,2008,257.09780341639345,60
presprimary08,presprimary12,IL,0.020978853312765246,0.043325705706346,primary,08,2008,532.7319074355885,60
presprimary08,presprimary12,KY,0.10913228901186017,0.15036063065302863,primary,08,2008,44.23150562080581,60
presprimary08,presprimary12,MI,-8.23922690005762,11.60890734929802,primary,08,2008,0.007420229022053221,60
presprimary08,presprimary12,MO,-0.1427880852461423,0.09345394315423397,primary,08,2008,114.49980286247609,60
presprimary08,presprimary12,MT,-0.073357176743164,0.23105168982017016,primary,08,2008,18.73189444083823,60
presprimary08,presprimary12,NV,0.05845960427653686,0.2212384474229495,primary,08,2008,20.430490615183786,60
presprimary08,presprimary12,OR,0.0802253617879927,0.06451251842484818,primary,08,2008,240.2768931589058,60
presprimary08,presprimary12,PA,-0.028674760391102755,0.03297979729000936,primary,08,2008,919.3990192501038,60
presprimary08,presprimary12,RI,-0.024582495060538903,0.08392461892977135,primary,08,2008,141.97806210695924,60
presprimary08,primary10,AR,2.3100024117795375,1.549174324863063,primary,08,2008,0.4166768945540211,60
presprimary08,primary10,FL,0.04206600471147148,0.06902838757405831,primary,08,2008,209.86718741288576,60
presprimary08,primary10,IL,-0.02712113581465218,0.0392655146862286,primary,08,2008,648.6006969717946,60
presprimary08,primary10,KY,0.4181763763367594,0.34011442149136706,primary,08,2008,8.644699584916285,60
presprimary08,primary10,MI,-24.306643381912664,51.38645111387235,primary,08,2008,3.7870649159570206e-4,60
presprimary08,primary10,MO,-0.28409536626317783,0.16848389019731594,primary,08,2008,35.227614637827294,60
presprimary08,primary10,MT,0.1312043853289539,0.19149064941493285,primary,08,2008,27.27123815402469,60
presprimary08,primary10,NV,-0.12063254818028778,0.31569763404688217,primary,08,2008,10.033612990534898,60
presprimary08,primary10,OR,0.10595082825794902,0.08324117731474286,primary,08,2008,144.31902029618422,60
presprimary08,primary10,PA,0.02327541296566517,0.03228461837266444,primary,08,2008,959.4198195221683,60
presprimary08,primary10,RI,-0.09678273133191362,0.2623464390828223,primary,08,2008,14.529465983065467,60
primary02,02,CO,-23.135231494849258,10.809718722015791,general,02,2002,0.008557978936155843,60
primary02,02,CT,-27.07072187823783,23.81855177694946,general,02,2002,0.0017626630323631003,60
primary02,02,FL,-0.04484516803233013,0.3315886811028505,general,02,2002,9.094956062302495,60
primary02,02,IL,0.25955013064356935,0.11371892521988045,general,02,2002,77.32759569960027,60
primary02,02,MI,0.503550890339116,0.9446023528821449,general,02,2002,1.1207324685134064,60
primary02,02,MO,0.8979793173325691,0.6368108410404595,general,02,2002,2.465920684747223,60
primary02,02,MT,-0.14713478433270852,1.3218332195457463,general,02,2002,0.5723302170857383,60
primary02,02,NV,0.14207475243339102,1.2341476158014886,general,02,2002,0.6565469420382527,60
primary02,02,OK,-2.915926357949039,5.137177093150102,general,02,2002,0.037892296358448416,60
primary02,04,CO,17.45879434745459,14.826185237583497,general,02,2002,0.004549264167525202,60
primary02,04,CT,-45.76963575424459,39.79320686279654,general,02,2002,6.315127465817343e-4,60
primary02,04,FL,-0.37363421294434884,0.47709112937261206,general,02,2002,4.393365310195055,60
primary02,04,IL,0.6447508378558295,0.2538527007900355,general,02,2002,15.518024148967644,60
primary02,04,MO,0.37041172826107027,1.1502668848521342,general,02,2002,0.7557928271877605,60
primary02,04,MT,-0.6368603280962163,2.824333827684153,general,02,2002,0.12536258667640385,60
primary02,04,NV,-0.34654049405165,2.5510928734665073,general,02,2002,0.153655270290219,60
primary02,04,OK,-17.47719961591092,15.652242135045183,general,02,2002,0.004081754541680902,60
primary02,06,CO,-2.2603451044178096,10.827311428645826,general,02,2002,0.00853019074570474,60
primary02,06,CT,-18.4889832000413,23.221988734155797,general,02,2002,0.001854390441042834,60
primary02,06,FL,-0.16066422969717,0.43542666814860487,general,02,2002,5.2743622130867,60
primary02,06,IL,0.16651017928390396,0.16463697547300934,general,02,2002,36.893107877949895,60
primary02,06,MO,-0.16756256421075577,0.9196294621404921,general,02,2002,1.1824267532971209,60
primary02,06,MT,-0.6079875190708838,2.770463171408797,general,02,2002,0.13028524600464045,60
primary02,06,NV,1.4978031403292331,1.6574877431964539,general,02,2002,0.363998294573308,60
primary02,06,OK,-1.9964094131522045,6.309553326656213,general,02,2002,0.02511902449942331,60
primary02,08,CO,-15.180447564498055,19.38517326824737,general,02,2002,0.0026610965116770735,60
primary02,08,CT,-40.36225698445672,39.6511800813911,general,02,2002,6.360448869250115e-4,60
primary02,08,FL,-0.3281515187683044,0.6084716298015228,general,02,2002,2.700967336493695,60
primary02,08,IL,0.5814939835860183,0.3277581054274716,general,02,2002,9.308787553512479,60
primary02,08,MO,-0.46886354346699055,1.3347307502947503,general,02,2002,0.5613227804617787,60
primary02,08,MT,1.613031459687518,3.4575571388492223,general,02,2002,0.0836490991437651,60
primary02,08,NV,-5.597804255650173,3.3091926906771825,general,02,2002,0.09131789402386635,60
primary02,08,OK,2.257776724847798,12.105616014494606,general,02,2002,0.006823798777414151,60
primary02,10,CT,-7.897628709642075,17.897782551646888,general,02,2002,0.0031217746188906205,60
primary02,10,FL,-0.08971423403168756,0.3040747229496079,general,02,2002,10.81531967234719,60
primary02,10,IL,0.24221374255176797,0.25745436781193604,general,02,2002,15.086881236634728,60
primary02,10,MO,0.2544353230928621,0.7144158580478542,general,02,2002,1.9592859661861,60
primary02,10,MT,-0.6735370992584384,2.3442374601211453,general,02,2002,0.18196874376801753,60
primary02,10,NV,-0.6086494512486268,2.64716368120698,general,02,2002,0.14270474326121935,60
primary02,10,OK,3.0407820982767166,8.68052546238106,general,02,2002,0.013271132014801738,60
primary02,12,CT,4.3324267746375655,25.660075321283593,general,02,2002,0.0015187425001170324,60
primary02,12,FL,-0.6744783588995319,0.6167359458795262,general,02,2002,2.629065927443008,60
primary02,12,IL,0.6535739693631858,0.3539662907084473,general,02,2002,7.981346956343575,60
primary02,12,MO,-0.4102319850981575,1.4155816937089418,general,02,2002,0.49903398708377905,60
primary02,12,MT,-2.4625125852877283,3.7008009301441662,general,02,2002,0.07301440506362666,60
primary02,12,NV,-5.441262807243045,4.558132521916305,general,02,2002,0.04813113519379869,60
primary02,12,OK,12.447923761714206,12.949175162293246,general,02,2002,0.0059637000058713596,60
primary02,presprimary04,CT,2.7265871346743453,3.3012087517615303,primary,02,2002,0.09176013089806687,60
primary02,presprimary04,FL,0.0203623029488278,0.07837440591797121,primary,02,2002,162.7989037956044,60
primary02,presprimary04,IL,0.242438511521324,0.09499310584259359,primary,02,2002,110.81940786223846,60
primary02,presprimary04,MO,0.34006574717594196,0.27939335942082894,primary,02,2002,12.810551912074327,60
primary02,presprimary04,MT,0.43079007242993755,0.9364096596315215,primary,02,2002,1.1404289407078194,60
primary02,presprimary04,NV,-0.76047556137993,1.0284618132288361,primary,02,2002,0.9454175458334846,60
primary02,presprimary08,FL,0.3121784478639387,0.21466854899021356,primary,02,2002,21.700171114860613,60
primary02,presprimary08,IL,0.1209134987422847,0.16004785733709165,primary,02,2002,39.039142639718044,60
primary02,presprimary08,MI,0.8600671173086738,0.5659156222939699,primary,02,2002,3.1224582062567134,60
primary02,presprimary08,MO,0.5099842748240323,0.6277604198688836,primary,02,2002,2.5375355767228833,60
primary02,presprimary08,MT,0.7121094526180809,2.2108191728833955,primary,02,2002,0.2045943119614906,60
primary02,presprimary08,NV,-0.712888925458251,0.8204808615189669,primary,02,2002,1.4854672782179508,60
primary02,presprimary12,CT,-3.7745597679327396,4.223054048739854,primary,02,2002,0.05607208695231583,60
primary02,presprimary12,FL,-0.05094896595213322,0.12857101208275737,primary,02,2002,60.494219084522264,60
primary02,presprimary12,IL,0.10192356300236244,0.12788200683887446,primary,02,2002,61.14783908352776,60
primary02,presprimary12,MI,-0.6607619158467595,0.39801896487041744,primary,02,2002,6.312370306020607,60
primary02,presprimary12,MO,-0.05952929350878503,0.2962222599241895,primary,02,2002,11.396319547999152,60
primary02,presprimary12,MT,-1.1895140812965448,1.6829251516450796,primary,02,2002,0.3530777885759133,60
primary02,presprimary12,NV,-0.6177683567281059,0.9500215305117993,primary,02,2002,1.1079830184461177,60
primary02,primary06,CO,2.4941430865228424,3.1044125033045784,primary,02,2002,0.10376267328420498,60
primary02,primary06,CT,-7.491846378180942,7.997207233850809,primary,02,2002,0.015635914957986143,60
primary02,primary06,FL,-0.20883877969501796,0.4568667477387642,primary,02,2002,4.790941857693058,60
primary02,primary06,IL,0.1924703482068782,0.09737936690404149,primary,02,2002,105.45474031177224,60
primary02,primary06,MI,0.46469065691942674,0.4704227537499971,primary,02,2002,4.518802499485197,60
primary02,primary06,MO,-0.011769147401898569,0.37997200229637096,primary,02,2002,6.926228342256973,60
primary02,primary06,MT,-1.6963291410412071,1.4241218252361163,primary,02,2002,0.4930667485436869,60
primary02,primary06,NV,0.4982484383061777,0.9798243253410902,primary,02,2002,1.0416062225503908,60
primary02,primary06,OK,-1.8208473305343704,4.659654300649617,primary,02,2002,0.046056677472946644,60
primary02,primary10,CT,-6.342190051171855,7.78117138846757,primary,02,2002,0.016516196361612136,60
primary02,primary10,FL,-0.13029709335484613,0.11546887512520837,primary,02,2002,75.00153121618058,60
primary02,primary10,IL,0.3023503081028949,0.12053143166161619,primary,02,2002,68.83342344088813,60
primary02,primary10,MI,0.13096632743475686,0.45268055551661657,primary,02,2002,4.879960645689019,60
primary02,primary10,MO,-0.14722022517186586,0.45395461352303895,primary,02,2002,4.852607126148717,60
primary02,primary10,MT,-0.8826720482275168,1.3310824421928413,primary,02,2002,0.5644040094748948,60
primary02,primary10,NV,-0.38665721198632835,0.9785153726451242,primary,02,2002,1.044394784130826,60
primary02,primary10,OK,0.36670530409921226,4.605816589352036,primary,02,2002,0.047139689826642184,60
primary06,06,CO,4.244665598136322,5.4045959897827025,general,06,2006,0.03423525213508785,60
primary06,06,CT,-0.2189372631435917,0.5703789086761167,general,06,2006,3.073782149538825,60
primary06,06,FL,-0.11724843750371988,0.06557683827272177,general,06,2006,232.5407412775452,60
primary06,06,IL,0.28061564494930097,0.167483112720884,general,06,2006,35.64987015910839,60
primary06,06,MO,-0.15108237324872087,1.063339212449075,general,06,2006,0.8844154911747962,60
primary06,06,MT,-2.3690616144949934,1.7455496684068956,general,06,2006,0.3281977340414137,60
primary06,06,NJ,-0.022540713620740612,1.7228537098066026,general,06,2006,0.3369016944041628,60
primary06,06,NV,0.08949733410901536,0.8235917173669162,general,06,2006,1.4742667108684404,60
primary06,06,OK,-0.4584388395509518,3.6519322851407496,general,06,2006,0.07498157656595092,60
primary06,06,OR,-1.3970178714189903,0.6655398720473381,general,06,2006,2.2576251902826576,60
primary06,06,PA,1.226879252990031,0.6144563615455005,general,06,2006,2.648609364482714,60
primary06,08,CO,1.8771352572040287,10.546595459296732,general,06,2006,0.008990325672023835,60
primary06,08,CT,0.8499861584168205,1.4909743579666372,general,06,2006,0.44984163718715253,60
primary06,08,FL,-0.012532868891930829,0.10015877508628405,general,06,2006,99.68320451538618,60
primary06,08,IL,-0.43485361337857653,0.35988008801129995,general,06,2006,7.721192212248806,60
primary06,08,MO,-0.6134063529988389,1.5484061052311662,general,06,2006,0.4170904537305755,60
primary06,08,MT,-4.726822791486671,2.3911410371611903,general,06,2006,0.17489992131543022,60
primary06,08,NJ,1.3261292818049866,5.961272371769148,general,06,2006,0.02813986887686778,60
primary06,08,NV,-1.1169497932818844,1.5274509014883728,general,06,2006,0.428613140628366,60
primary06,08,OK,-0.8788699838624144,7.833639110565976,general,06,2006,0.016295694710899422,60
primary06,08,OR,-1.2888367329073704,1.3981324210552242,general,06,2006,0.5115680193775417,60
primary06,08,PA,0.7393540483623676,2.4664460641116825,general,06,2006,0.1643829440907476,60
primary06,10,CT,-1.063400330445582,0.8506505093006272,general,06,2006,1.3819669829275594,60
primary06,10,FL,-0.007567246256792825,0.05070841278210645,general,06,2006,388.9018114875942,60
primary06,10,IL,0.057927289901101756,0.23469676005395518,general,06,2006,18.154563501484056,60
primary06,10,MO,0.3467818537549406,0.8206109722030275,general,06,2006,1.4849962636981726,60
primary06,10,MT,-0.3922155847144023,1.2222831283820261,general,06,2006,0.6693547749483976,60
primary06,10,NJ,-0.16925663899879514,2.4129446169725273,general,06,2006,0.17175337990109124,60
primary06,10,NV,-0.3039121568092377,1.0550842294586025,general,06,2006,0.8983089709770025,60
primary06,10,OK,2.269407743937373,3.7217824982460366,general,06,2006,0.07219348739526117,60
primary06,10,OR,-0.6713566874433459,1.022997728222521,general,06,2006,0.9555439375473498,60
primary06,10,PA,0.710610179005038,1.1365134581927556,general,06,2006,0.7741958416131656,60
primary06,12,CT,1.6309436734002651,1.232009641217114,general,06,2006,0.6588276037651516,60
primary06,12,FL,-0.034163155405960655,0.1011700119325461,general,06,2006,97.70041254781196,60
primary06,12,IL,-0.2282813999928602,0.49881724674262884,general,06,2006,4.018991411982445,60
primary06,12,MO,2.0530737322155765,1.6177404091411505,general,06,2006,0.38210465847258757,60
primary06,12,MT,-0.7036584127505481,2.338650026877225,general,06,2006,0.18283929111538674,60
primary06,12,NJ,2.221889590468608,5.870208216037774,general,06,2006,0.02901970465545341,60
primary06,12,NV,-2.552957493925378,1.8645534005115538,general,06,2006,0.2876407073000311,60
primary06,12,OK,-5.85284441829493,8.062561320274407,general,06,2006,0.015383456881757376,60
primary06,12,OR,1.2208764073326406,1.3600360309402517,general,06,2006,0.5406287929437585,60
primary06,12,PA,0.49007095530461153,2.183474222501277,general,06,2006,0.20975091389549105,60
primary06,presprimary08,FL,-0.015807646871707125,0.04343412376708265,primary,06,2006,530.0756699294508,60
primary06,presprimary08,IL,0.36277706525164566,0.1835323449224682,primary,06,2006,29.68757834635158,60
primary06,presprimary08,MI,2.0112072329034376,4.83990913839136,primary,06,2006,0.042689943786992965,60
primary06,presprimary08,MO,0.08299662110634189,0.5082772817622653,primary,06,2006,3.8707810181217095,60
primary06,presprimary08,MT,-1.5708050456791627,1.4906945975827994,primary,06,2006,0.4500104976342187,60
primary06,presprimary08,NV,-0.3435432428817589,0.3505765859213169,primary,06,2006,8.136435486737104,60
primary06,presprimary08,OR,0.208746001410788,0.7299456400206997,primary,06,2006,1.8768041810606533,60
primary06,presprimary08,PA,0.5659215128011009,1.066393359984103,primary,06,2006,0.8793568186970707,60
primary06,presprimary12,CT,0.04045388937099891,0.1495322894059859,primary,06,2006,44.72290800361308,60
primary06,presprimary12,FL,-0.03321593038411301,0.032474533025259,primary,06,2006,948.2310461115449,60
primary06,presprimary12,IL,-4.496854153247494e-4,0.14591375477097338,primary,06,2006,46.968591160239114,60
primary06,presprimary12,MI,-2.4773856290469074,4.967299578491607,primary,06,2006,0.04052838459518258,60
primary06,presprimary12,MO,0.24043208741712174,0.28780868257068876,primary,06,2006,12.072361090647982,60
primary06,presprimary12,MT,-0.25884000057877743,1.101850627427403,primary,06,2006,0.8236724753269483,60
primary06,presprimary12,NJ,-0.611943659390122,0.9981580927160779,primary,06,2006,1.0036940174884328,60
primary06,presprimary12,NV,0.31405451161834835,0.3084958558749986,primary,06,2006,10.507546756852545,60
primary06,presprimary12,OR,-0.49991993536473484,0.5592855171407255,primary,06,2006,3.1969279856238217,60
primary06,presprimary12,PA,0.10832261181636901,0.41417843750692945,primary,06,2006,5.829415739241985,60
primary06,primary10,CT,-0.15093506951087687,0.3541376535801876,primary,06,2006,7.973624673142376,60
primary06,primary10,FL,-0.013191313412343158,0.023590794188784486,primary,06,2006,1796.8626296502018,60
primary06,primary10,IL,0.04601351922507257,0.09731335956665987,primary,06,2006,105.59784804934897,60
primary06,primary10,MI,6.883354259202466,6.491441602201811,primary,06,2006,0.023731090253869023,60
primary06,primary10,MO,-0.7885012958571204,0.516674772297574,primary,06,2006,3.7459802775955295,60
primary06,primary10,MT,1.057506408455729,0.9615210446932775,primary,06,2006,1.0816391842289255,60
primary06,primary10,NJ,-1.250400045701675,0.8995915653947754,primary,06,2006,1.2356891983674392,60
primary06,primary10,NV,-0.3522834529334427,0.3996918207693189,primary,06,2006,6.259641742220046,60
primary06,primary10,OK,1.1552978294696037,2.1555357766100265,primary,06,2006,0.21522342039529763,60
primary06,primary10,OR,-0.8002765294810898,0.5273535934384187,primary,06,2006,3.5958054029416484,60
primary06,primary10,PA,-0.5093832819974234,0.41748776423566325,primary,06,2006,5.737365223661095,60
primary10,10,CT,0.3119204384519501,1.2592701899284289,general,10,2010,0.630611889601059,60
primary10,10,FL,-0.04330495441564981,0.275296989111442,general,10,2010,13.19462576001907,60
primary10,10,IL,0.18044340229117964,0.30975455243614075,general,10,2010,10.422324821427976,60
primary10,10,KY,0.17964676206650892,0.31272442034206105,general,10,2010,10.22530821660453,60
primary10,10,MO,-2.4909251431091497,0.777774828481012,general,10,2010,1.6530737612219917,60
primary10,10,MT,0.14196754935571201,0.5694335183888989,general,10,2010,3.0839969891834182,60
primary10,10,NJ,0.9785119057393914,1.0263583237630067,general,10,2010,0.9492967246096164,60
primary10,10,NV,-0.2187706625241103,1.1992405020471224,general,10,2010,0.6953243282503082,60
primary10,10,OK,5.020211819525775,1.9527717851442883,general,10,2010,0.2622388411175394,60
primary10,10,OR,0.24596904616141643,0.3473832675632185,general,10,2010,8.286711288588144,60
primary10,10,PA,0.7384173049309264,0.5188485219392188,general,10,2010,3.714657972535563,60
primary10,10,RI,-2.912025641394064,1.887961281181353,general,10,2010,0.2805522998059413,60
primary10,12,CT,0.5938217464443147,2.031220502422492,general,10,2010,0.24237390330578035,60
primary10,12,FL,-0.2952851483933551,0.6554716363688258,general,10,2010,2.3275134150644665,60
primary10,12,IL,0.06453256756183001,0.8544613022305717,general,10,2010,1.3696676634229963,60
primary10,12,KY,0.015283760815434044,0.46644420914399987,general,10,2010,4.596217675392374,60
primary10,12,MO,-0.9374695348258629,1.1159788294663366,general,10,2010,0.8029492339384914,60
primary10,12,MT,-0.6805354940173133,1.0618541559099324,general,10,2010,0.886891020293578,60
primary10,12,NJ,0.4698997031936985,3.089623802878635,general,10,2010,0.10475838520296081,60
primary10,12,NV,1.5591401874355817,1.9267996957490543,general,10,2010,0.2693561288912335,60
primary10,12,OK,4.217090415537052,3.0085790497365927,general,10,2010,0.11047834151815929,60
primary10,12,OR,-0.0542476595074288,0.5201344940620647,general,10,2010,3.696312558300422,60
primary10,12,PA,2.349938210542202,2.0764083082387077,general,10,2010,0.23193937584707544,60
primary10,12,RI,-0.4732187967796875,2.135146686486925,general,10,2010,0.21935349898943513,60
primary10,presprimary12,CT,-0.38900861615130483,0.3122722627503434,primary,10,2010,10.254941319344848,60
primary10,presprimary12,FL,0.004922834352372085,0.13260716371968492,primary,10,2010,56.86774765081365,60
primary10,presprimary12,IL,0.21875468030121487,0.19976617632522423,primary,10,2010,25.058558591560228,60
primary10,presprimary12,KY,-2.2570651746121518e-4,0.15491566452576144,primary,10,2010,41.66864051805334,60
primary10,presprimary12,MO,-0.012285367621678766,0.1717167737030886,primary,10,2010,33.91365202280054,60
primary10,presprimary12,MT,-0.29025418978954715,0.5249199050175564,primary,10,2010,3.6292251921350474,60
primary10,presprimary12,NJ,0.14044425135360233,0.9882650641083884,primary,10,2010,1.0238895581285987,60
primary10,presprimary12,NV,0.319748648640916,0.5798488441394962,primary,10,2010,2.97420163773568,60
primary10,presprimary12,OR,-0.08100807163841849,0.1936006308456221,primary,10,2010,26.68003922609306,60
primary10,presprimary12,PA,0.2768025868878676,0.28116873510381674,primary,10,2010,12.64928406774395,60
primary10,presprimary12,RI,0.1234462805629434,0.34158530779757024,primary,10,2010,8.57041071248983,60
primary94,00,CO,-12.143666956103376,40.47623608818155,general,94,1994,6.103792471827875e-4,60
primary94,00,FL,-3.56676525029424,2.0666540096374626,general,94,1994,0.23413398126051446,60
primary94,00,IL,0.23120298632634728,0.9557141788956526,general,94,1994,1.0948230733531885,60
primary94,00,MO,2.338547348749863,1.9617152962957798,general,94,1994,0.2598531842586263,60
primary94,02,CO,8.85089778145276,44.317308693064206,general,94,1994,5.091587864901402e-4,60
primary94,02,FL,-4.106430142960207,1.7556448714400184,general,94,1994,0.3244342200560225,60
primary94,02,IL,0.17337386061064664,0.8674649140064826,general,94,1994,1.3289118186265088,60
primary94,02,MO,1.9118000826876143,1.605340055708262,general,94,1994,0.38803054675372045,60
primary94,04,CO,56.87599293774769,79.24226500138167,general,94,1994,1.5925249268595247e-4,60
primary94,04,FL,-5.3665074424601285,3.6542268330456773,general,94,1994,0.07488744184954561,60
primary94,04,IL,1.0134569265771554,1.4452589069027406,general,94,1994,0.47874989410232294,60
primary94,04,MO,2.7404932631404337,2.6961494581684504,general,94,1994,0.13756630539678796,60
primary94,06,CO,-35.76877853196527,52.8898733223276,general,94,1994,3.574826316103447e-4,60
primary94,06,FL,-5.557748080013463,3.364590896478494,general,94,1994,0.0883355401413233,60
primary94,06,IL,-0.43139614703106477,1.0804504512613307,general,94,1994,0.8566241020112374,60
primary94,06,MO,1.605514039826948,1.9720688688695522,general,94,1994,0.2571318327104487,60
primary94,08,CO,75.27034022288197,95.30428958551148,general,94,1994,1.100969031684092e-4,60
primary94,08,FL,-12.03389297965264,4.825757375241418,general,94,1994,0.04294069149683026,60
primary94,08,IL,-0.6757929094143935,1.935981785545301,general,94,1994,0.26680715137792205,60
primary94,08,MO,1.678522327373179,2.8400253483456277,general,94,1994,0.1239811234491376,60
primary94,10,FL,-3.631941124001164,2.5480671897844385,general,94,1994,0.15402040059303196,60
primary94,10,IL,-0.15709091474464773,1.4068691245378087,general,94,1994,0.50523403933326,60
primary94,10,MO,0.3420868409049503,2.2719181194840963,general,94,1994,0.19373792747430763,60
primary94,12,FL,-8.99904717382265,4.857986473055495,general,94,1994,0.042372822873554275,60
primary94,12,IL,1.4376581811257834,2.01601173539322,general,94,1994,0.24604462854861442,60
primary94,12,MO,1.3338752624038668,2.7463988092265605,general,94,1994,0.13257840679552943,60
primary94,94,CO,-37.50940288705982,26.566406917409342,general,94,1994,0.001416884205559897,60
primary94,94,FL,-1.088310019164923,0.6774936348238667,general,94,1994,2.178660509421504,60
primary94,94,IL,0.6102635243716195,0.39877549974001364,general,94,1994,6.288442064114544,60
primary94,94,MO,1.0407380872537577,0.4919041968475749,general,94,1994,4.132748188447629,60
primary94,96,CO,-21.85603893350151,30.742158972013335,general,94,1994,0.001058111103909475,60
primary94,96,FL,-4.062502814720868,1.5831221353870544,general,94,1994,0.3989984029987438,60
primary94,96,IL,0.8324060397707899,0.5695789624790015,general,94,1994,3.082422170251622,60
primary94,96,MO,1.957337140327699,1.0569401797586262,general,94,1994,0.89515694203789,60
primary94,98,CO,-17.29904886864662,28.881872221915206,general,94,1994,0.0011988071249902752,60
primary94,98,FL,-1.2749748180936835,0.8807685852797035,general,94,1994,1.2890696036338118,60
primary94,98,IL,0.32962849526590215,0.5620014180941117,general,94,1994,3.1661040052077563,60
primary94,98,MO,-0.15485936977455833,0.9310278191355611,general,94,1994,1.153651630427028,60
primary94,presprimary00,CO,10.08423836089583,8.721246512472216,primary,94,1994,0.013147490793273904,60
primary94,presprimary00,FL,-0.22350121981065807,0.41045638818347124,primary,94,1994,5.935618250585886,60
primary94,presprimary00,IL,0.2852405336057103,0.4093265541097423,primary,94,1994,5.96843077684288,60
primary94,presprimary00,MO,-0.2857152444840982,0.5718484458516787,primary,94,1994,3.05800442652173,60
primary94,presprimary04,FL,-0.13488224994478148,0.5104407195075511,primary,94,1994,3.8380389308859066,60
primary94,presprimary04,IL,-0.6640513653201527,0.5630157001857428,primary,94,1994,3.154706703262909,60
primary94,presprimary04,MO,0.10238918101729937,0.6244499036335748,primary,94,1994,2.564512345899675,60
primary94,presprimary08,FL,-2.664348973601267,1.956191188168816,primary,94,1994,0.261322860532177,60
primary94,presprimary08,IL,0.5136051804510126,1.0356414790374349,primary,94,1994,0.9323546205840645,60
primary94,presprimary08,MO,1.7124341084471648,1.5594213155016803,primary,94,1994,0.41121890048591386,60
primary94,presprimary12,FL,-0.6687758941056543,1.07640309596091,primary,94,1994,0.8630781531335643,60
primary94,presprimary12,IL,0.1491439629794202,0.6560260674084472,primary,94,1994,2.323580948213889,60
primary94,presprimary12,MO,0.9429624834725636,0.7078210287036941,primary,94,1994,1.995965719457206,60
primary94,primary02,CO,20.796646110520683,17.148993188454995,primary,94,1994,0.003400343131739806,60
primary94,primary02,FL,-2.1488242166328586,0.8793301139637314,primary,94,1994,1.2932905584486196,60
primary94,primary02,IL,-0.12626265353103244,0.5277930037742818,primary,94,1994,3.5898205705341897,60
primary94,primary02,MO,0.1004776708842712,0.6732619968979039,primary,94,1994,2.206133544927365,60
primary94,primary06,CO,29.003487379981845,24.251347022386366,primary,94,1994,0.0017003106211091912,60
primary94,primary06,FL,-3.8642801404085225,3.34529269543617,primary,94,1994,0.08935765343470246,60
primary94,primary06,IL,0.10470486366498029,0.5193838224220102,primary,94,1994,3.7070049289759566,60
primary94,primary06,MO,-0.10412504919486706,0.9622768309802907,primary,94,1994,1.0799407810187647,60
primary94,primary10,FL,-1.8299225973100193,1.091777487853661,primary,94,1994,0.8389415999131088,60
primary94,primary10,IL,-0.09542400487854508,0.6902492057509165,primary,94,1994,2.0988827045330347,60
primary94,primary10,MO,0.3958582461515996,1.253844252641571,primary,94,1994,0.6360815706648155,60
primary94,primary98,CO,-4.444832578166558,10.212761340258522,primary,94,1994,0.009587682280285455,60
primary94,primary98,FL,-0.05408966738033851,0.32405438001789183,primary,94,1994,9.522790022182763,60
primary94,primary98,IL,0.16133097055060838,0.3548457695595818,primary,94,1994,7.941832735277476,60
primary94,primary98,MO,0.24568899819794346,0.2999315087935231,primary,94,1994,11.116186271766345,60
primary98,00,CO,14.045011589303764,9.194544977282249,general,98,1998,0.011828768077292986,60
primary98,00,FL,-2.4175314035800812,1.3728217141402637,general,98,1998,0.5306054669091781,60
primary98,00,IL,-0.29624698526588145,0.5986692803450583,general,98,1998,2.7901403687015387,60
primary98,00,MI,-1.1587456569072727,4.821829985093122,general,98,1998,0.04301067054215132,60
primary98,00,MO,-0.23276663771976197,2.0374554759663956,general,98,1998,0.24089275917177996,60
primary98,00,MT,8.538730719926555,35.17727028122176,general,98,1998,8.081197647180804e-4,60
primary98,00,NV,-6.433492267181818,6.988954276206244,general,98,1998,0.020472722585910933,60
primary98,02,CO,9.595270818149228,8.447160886194602,general,98,1998,0.014014527760486383,60
primary98,02,FL,-0.22707434591600847,0.9667686639312797,general,98,1998,1.0699287801601116,60
primary98,02,IL,-0.3573090251186456,0.5760796305526028,general,98,1998,3.013248584443181,60
primary98,02,MI,0.6909997807371279,3.274002009112305,general,98,1998,0.09329150877254394,60
primary98,02,MO,0.9596131964716416,1.4937527737915344,general,98,1998,0.44816976112757795,60
primary98,02,MT,-14.344796462564823,31.021247829396167,general,98,1998,0.0010391577319319037,60
primary98,02,NV,-7.495491903977501,7.171906917831993,general,98,1998,0.01944154215344567,60
primary98,04,CO,11.39122253665566,13.870214026007087,general,98,1998,0.005197968877746569,60
primary98,04,FL,-2.026352503559663,2.270976890300969,general,98,1998,0.19389855401415673,60
primary98,04,IL,-1.0024042527510686,0.9600825457690194,general,98,1998,1.0848828687344674,60
primary98,04,MO,0.9758481797274575,2.9917502429404834,general,98,1998,0.11172473418561621,60
primary98,04,MT,-12.00620993647814,41.515258355209745,general,98,1998,5.802090654248163e-4,60
primary98,04,NV,-18.718400294416707,15.799634357298588,general,98,1998,0.004005953715321874,60
primary98,06,CO,-3.9689829512489165,9.910679262325557,general,98,1998,0.010181063760035141,60
primary98,06,FL,2.2632194376344508,2.7152012270135915,general,98,1998,0.13564255370725328,60
primary98,06,IL,-0.11293364486639829,0.7459141409042954,general,98,1998,1.797307220256398,60
primary98,06,MO,0.5706835447753735,2.432077868436531,general,98,1998,0.16906162869054361,60
primary98,06,MT,26.819248280475826,44.04534182636714,general,98,1998,5.154660068632018e-4,60
primary98,06,NV,-14.386739408478038,11.392873684673114,general,98,1998,0.00770430443247679,60
primary98,08,CO,10.369704516968842,16.428392096090242,general,98,1998,0.0037051848600946607,60
primary98,08,FL,-1.6061864154656116,2.4364759785383043,general,98,1998,0.16845182948316856,60
primary98,08,IL,-2.305825826301357,1.4306362193328446,general,98,1998,0.4885866185291442,60
primary98,08,MO,4.5451295433877155,3.7019413248014414,general,98,1998,0.0729694273586469,60
primary98,08,MT,26.553616408076714,52.552511572459714,general,98,1998,3.6208709531771686e-4,60
primary98,08,NV,-18.37745687606465,16.37234893747752,general,98,1998,0.0037305942452573832,60
primary98,10,FL,-2.2211963792732963,1.8412118693755961,general,98,1998,0.29497992996696626,60
primary98,10,IL,-1.3607098373257296,1.0290352558662503,general,98,1998,0.9443641481583788,60
primary98,10,MO,3.1138550551686204,2.6015125617613597,general,98,1998,0.1477570274379878,60
primary98,10,MT,30.184355343080423,52.30876183564392,general,98,1998,3.6546948350775965e-4,60
primary98,10,NV,-18.158145180398726,15.851376490096932,general,98,1998,0.003979843895436524,60
primary98,12,FL,-1.887897387657706,3.0427521320829563,general,98,1998,0.1080107170363522,60
primary98,12,IL,-2.6048926967434722,1.4156794387389957,general,98,1998,0.4989650782520215,60
primary98,12,MO,4.848046746379644,3.6985818690873424,general,98,1998,0.07310204515580165,60
primary98,12,MT,85.1142371935819,79.83030488783271,general,98,1998,1.569149866264702e-4,60
primary98,12,NV,-27.712477636530082,23.46135164724886,general,98,1998,0.0018167448684001874,60
primary98,98,CO,-7.2805351006756895,8.52166335137619,general,98,1998,0.013770548946470097,60
primary98,98,FL,-0.6846090241214081,0.5511818662236959,general,98,1998,3.2916235295764418,60
primary98,98,IL,-0.1059044296033498,0.31517069184013163,general,98,1998,10.067191963184124,60
primary98,98,MI,1.9545443080533933,3.0513417413899577,general,98,1998,0.10740346679023693,60
primary98,98,MO,1.659746855195935,0.7622298338638235,general,98,1998,1.7211872237120547,60
primary98,presprimary00,CO,2.3200628512058454,2.089298944826936,primary,98,1998,0.22908614818603887,60
primary98,presprimary00,FL,-0.09143331073044425,0.2969580436214729,primary,98,1998,11.339915364828281,60
primary98,presprimary00,IL,0.024900583317134836,0.28918781223209944,primary,98,1998,11.95749005954177,60
primary98,presprimary00,MI,0.3430630661567255,1.924295537902523,primary,98,1998,0.2700576314755433,60
primary98,presprimary00,MO,0.18584683946551955,0.5239905462551666,primary,98,1998,3.6421103227232448,60
primary98,presprimary00,MT,17.2466945188876,18.518001488392677,primary,98,1998,0.0029161628340828396,60
primary98,presprimary00,NV,-0.7608942230128142,2.67088479545196,primary,98,1998,0.14018117257527551,60
primary98,presprimary04,FL,-0.5142882222734702,0.32419026091540687,primary,98,1998,9.514808942951536,60
primary98,presprimary04,IL,0.035987306351198525,0.3183481659467059,primary,98,1998,9.86723100339268,60
primary98,presprimary04,MO,-0.41868004556483884,0.6789004932074394,primary,98,1998,2.1696403628006076,60
primary98,presprimary04,MT,-12.969834607869918,19.28459442196576,primary,98,1998,0.0026889268072751494,60
primary98,presprimary04,NV,-0.9333291083998302,2.5138030056927176,primary,98,1998,0.15824774045746093,60
primary98,presprimary08,FL,-0.48533055698734834,1.4267729169358585,primary,98,1998,0.49123611281333196,60
primary98,presprimary08,IL,-0.7344183823302558,0.9134576091360358,primary,98,1998,1.1984590639692587,60
primary98,presprimary08,MI,1.8909969686008186,2.2461206335285153,primary,98,1998,0.19821378064424985,60
primary98,presprimary08,MO,1.3049125684287175,1.6565989614737096,primary,98,1998,0.3643889767158895,60
primary98,presprimary08,MT,-3.498187901896733,30.120306575102433,primary,98,1998,0.001102252833947837,60
primary98,presprimary08,NV,-2.96584244757981,2.9902579890088608,primary,98,1998,0.11183627190224797,60
primary98,presprimary12,FL,-0.818941261859668,0.872705697127295,primary,98,1998,1.3129989470045853,60
primary98,presprimary12,IL,-0.7860465738577823,0.4473021438562133,primary,98,1998,4.998020586466816,60
primary98,presprimary12,MI,0.4312843734275445,1.507096554606108,primary,98,1998,0.44026873521130366,60
primary98,presprimary12,MO,-0.38072746732463125,0.5537028316520688,primary,98,1998,3.2617187560405685,60
primary98,presprimary12,MT,-4.070349906700944,41.47490764459434,primary,98,1998,5.813385790539021e-4,60
primary98,presprimary12,NV,-2.3839482571399695,3.559676465526116,primary,98,1998,0.07891852241834732,60
primary98,primary02,CO,-3.436980392740291,3.8957996186946304,primary,98,1998,0.06588806881135964,60
primary98,primary02,FL,0.6405610389340072,0.6607742442150738,primary,98,1998,2.2903074550795504,60
primary98,primary02,IL,-0.3199781811019422,0.3651281508462481,primary,98,1998,7.500830724105952,60
primary98,primary02,MI,2.765218108408184,2.572300344265193,primary,98,1998,0.15113207610056234,60
primary98,primary02,MO,-0.9157537205591575,0.9622952903295917,primary,98,1998,1.0798993492189861,60
primary98,primary02,MT,20.05941777722222,20.45539389860122,primary,98,1998,0.002389925186935882,60
primary98,primary02,NV,0.9630749133512277,2.8582116048242323,primary,98,1998,0.12240840628207664,60
primary98,primary06,CO,-1.368655771364661,2.5658814473479663,primary,98,1998,0.15188917626791182,60
primary98,primary06,FL,1.431184832421889,2.4859213709589962,primary,98,1998,0.16181740198464883,60
primary98,primary06,IL,0.09140811449637244,0.3711433093173088,primary,98,1998,7.259667471437571,60
primary98,primary06,MI,-1.6991581813262415,1.7845585102907906,primary,98,1998,0.3140063397664893,60
primary98,primary06,MO,-1.8452929381967835,1.066247791438605,primary,98,1998,0.8795969419256486,60
primary98,primary06,MT,19.957424208424758,22.867942094526832,primary,98,1998,0.0019122551196519967,60
primary98,primary06,NV,-2.3945011876316067,3.7818286500044396,primary,98,1998,0.06991917653217249,60
primary98,primary10,FL,-0.5658844327901663,0.8177557284558503,primary,98,1998,1.495384276409683,60
primary98,primary10,IL,0.3108589999911297,0.45508512617315466,primary,98,1998,4.828527588462585,60
primary98,primary10,MI,-1.8614495814007042,2.1400103613256927,primary,98,1998,0.21835756760161829,60
primary98,primary10,MO,-1.1621606486369889,1.486226297917507,primary,98,1998,0.45272045430716673,60
primary98,primary10,MT,1.0929504273565334,33.81720378724623,primary,98,1998,8.744291175920753e-4,60
primary98,primary10,NV,-2.575297900085793,4.418587453806387,primary,98,1998,0.05121923525825866,60
