bandwidth,order,lag,fe_cace,fe_se,re_cace,re_se
90,0,FALSE,0.12069219430637906,0.010016562710816185,0.12987820873178615,0.019644095076445007
90,0,TRUE,0.09727041310564505,0.00994919929525667,0.11046908242887131,0.0183936898825121
90,1,FALSE,0.07274574035823922,0.023638926801040763,0.07274574035823922,0.023638926801040763
90,1,TRUE,0.06123446625820323,0.022986495630742888,0.06123446625820323,0.022986495630742888
90,2,FALSE,-0.024877896868353344,0.04652942311329928,-0.024877896868353344,0.04652942311329928
90,2,TRUE,-0.006608430774262393,0.0443844811566245,-0.006608430774262393,0.0443844811566245
90,3,FALSE,-0.019576057423897578,0.07071295446840856,-0.019576057423897578,0.07071295446840856
90,3,TRUE,0.001133432941742881,0.06532749021199528,0.001133432941742881,0.06532749021199528
180,0,FALSE,0.11576752843317611,0.007069768633187601,0.14340212701353716,0.02462628024762102
180,0,TRUE,0.09217044188951695,0.006861871718814578,0.12384750313028145,0.022242895455671527
180,1,FALSE,0.11116707477600789,0.014478072074308814,0.11299767750094476,0.01677151304384911
180,1,TRUE,0.08967960691445506,0.014038128427317857,0.09189768438573498,0.015740662492256554
180,2,FALSE,0.04344561305023064,0.027564344368360416,0.04344561305023064,0.027564344368360416
180,2,TRUE,0.03792933794634559,0.02635706289100339,0.03792933794634559,0.02635706289100339
180,3,FALSE,0.026760630957189165,0.04043803478939838,0.026760630957189165,0.04043803478939838
180,3,TRUE,0.03210557442507595,0.03836607709009083,0.03210557442507595,0.03836607709009083
270,0,FALSE,0.09523051638320391,0.005916585278962364,0.11670713058934773,0.026235540476550082
270,0,TRUE,0.07855582811732527,0.005624677697203811,0.10582028784177809,0.024226274382400218
270,1,FALSE,0.14014325521112247,0.011255678372901723,0.1542939909875036,0.021608063676890284
270,1,TRUE,0.11200827587483228,0.011004296303981758,0.12887955494919492,0.019900259390735628
270,2,FALSE,0.05987277014960909,0.019549173708328028,0.05987277014960909,0.019549173708328028
270,2,TRUE,0.045545305012394025,0.018777751390864614,0.045545305012394025,0.018777751390864614
270,3,FALSE,0.08069769342520514,0.03394408090908368,0.08069769342520514,0.03394408090908368
270,3,TRUE,0.07711015604241526,0.03158252711249504,0.07711015604241526,0.03158252711249504
365,0,FALSE,0.07121636200743321,0.005153255123281342,0.08405994623534671,0.02852598565835764
365,0,TRUE,0.05996061566136223,0.004839586666089986,0.0789419053862793,0.02606388496493055
365,1,FALSE,0.14720576941647204,0.009626394803173654,0.16619610992883652,0.023099155638402938
365,1,TRUE,0.11921405256261493,0.009330401826795018,0.14097471314208018,0.020879439165191024
365,2,FALSE,0.11152737975080125,0.015343046778818004,0.11657248492551629,0.01925161828331612
365,2,TRUE,0.0864433701938713,0.014960168027249853,0.09222605591858699,0.018452933728650468
365,3,FALSE,0.003924789398919373,0.02943598897125677,0.003917274924662246,0.02945368991759486
365,3,TRUE,0.010247494700247516,0.02618702142112419,0.010247494700247516,0.02618702142112419
455,0,FALSE,0.08674813578077395,0.004597169660547496,0.0994106472885767,0.03319210308398353
455,0,TRUE,0.06236118325104763,0.00436715087307273,0.08287940243768109,0.028726701736378694
455,1,FALSE,0.10303036452336044,0.008988564488704375,0.11961686455128256,0.022378086925751113
455,1,TRUE,0.09805241118383728,0.008494086144950137,0.1174872456273647,0.022412555286324562
455,2,FALSE,0.16049794810333634,0.012716889046513899,0.16766436252839556,0.018871897251929327
455,2,TRUE,0.12486373847391262,0.012751859713883531,0.13296525324412686,0.017651513771579985
455,3,FALSE,0.052315359296369414,0.022973830919030748,0.052315359296369414,0.022973830919030748
455,3,TRUE,0.041977425541139854,0.0216700283915034,0.041977425541139854,0.0216700283915034
545,0,FALSE,0.09195225494225345,0.004224400988996199,0.09749554783032935,0.0401833056415484
545,0,TRUE,0.0590177454410541,0.004048488691612143,0.07409841902620934,0.03377739922853349
545,1,FALSE,0.09209590394318007,0.008196027731316696,0.11340831923652135,0.021514309348222908
545,1,TRUE,0.0906018248159575,0.007718136019582722,0.1163226537345604,0.022282092043940972
545,2,FALSE,0.15947343383383125,0.01225452452718431,0.17432974974882803,0.02535578766936522
545,2,TRUE,0.12855762608563312,0.012112730644713451,0.14379080082196716,0.0229108672063267
545,3,FALSE,0.10048861303760463,0.01811126941787714,0.10126871741735825,0.023444634571993014
545,3,TRUE,0.06666020919082374,0.018212169577452766,0.06666020919082374,0.018212169577452766
635,0,FALSE,0.08695822809555406,0.003942799206048301,0.08108168519904009,0.04607824937143602
635,0,TRUE,0.04991098201691917,0.0037961793166562128,0.05585790104546348,0.038352146093776435
635,1,FALSE,0.10269755564090585,0.007581480423902435,0.12952830189807518,0.024336395984921926
635,1,TRUE,0.09772671415672593,0.007144603528313866,0.1294594306144875,0.024721458908717135
635,2,FALSE,0.11884649365527089,0.011665702147693547,0.13466786049863536,0.02184326523308608
635,2,TRUE,0.09920877150017264,0.011248483376264355,0.11692646109778701,0.020738246674907916
635,3,FALSE,0.12998587239896975,0.017993820488007444,0.1299953341554009,0.018011873625506977
635,3,TRUE,0.1229555451257417,0.01820839717220458,0.1229555451257417,0.01820839717220458
730,0,FALSE,0.07581628759931965,0.0037240970080506365,0.056420134387666625,0.052179280699929304
730,0,TRUE,0.03779243703300649,0.0035858311669425802,0.0326051872295909,0.04199943770912664
730,1,FALSE,0.1171292199100873,0.007032737173448823,0.1487684299451809,0.02743133259180646
730,1,TRUE,0.1062992359073129,0.006651900937779251,0.14322198258076171,0.027382168308507614
730,2,FALSE,0.0982697042171619,0.011136215426808958,0.11472668852777156,0.020147613193144523
730,2,TRUE,0.08908737816853363,0.01056047686864004,0.10925221444837065,0.020291045728685807
730,3,FALSE,0.1572140513306663,0.01555294572310402,0.15455759301242084,0.0247268123376153
730,3,TRUE,0.13203029940070546,0.01703199735537135,0.13240704542551726,0.024819738196309924
