years_window,upstream_year,state,cace,se,type,fe_cace,fe_se,re_cace,re_se
00-12,00,AR,0.21384247733837944,0.12231016359025729,state,NA,NA,NA,NA
00-12,00,CO,NA,NA,state,NA,NA,NA,NA
00-12,00,CT,0.10566590376049645,0.09537691417928379,state,NA,NA,NA,NA
00-12,00,FL,0.17581444669736102,0.060623011709611936,state,NA,NA,NA,NA
00-12,00,FL05,NA,NA,state,NA,NA,NA,NA
00-12,00,IA,NA,NA,state,NA,NA,NA,NA
00-12,00,IL,0.25421157776923836,0.04661282390258006,state,NA,NA,NA,NA
00-12,00,KY,NA,NA,state,NA,NA,NA,NA
00-12,00,MI,NA,NA,state,NA,NA,NA,NA
00-12,00,MO,0.11686120090762486,0.039018175955534,state,NA,NA,NA,NA
00-12,00,MO05,NA,NA,state,NA,NA,NA,NA
00-12,00,MT,0.34340491270020823,0.12261345297355314,state,NA,NA,NA,NA
00-12,00,NJ,NA,NA,state,NA,NA,NA,NA
00-12,00,NV,0.4574833376023469,0.14328096054412115,state,NA,NA,NA,NA
00-12,00,NY,NA,NA,state,NA,NA,NA,NA
00-12,00,OK,0.19486986700746126,0.10916344049262355,state,NA,NA,NA,NA
00-12,00,OR,NA,NA,state,NA,NA,NA,NA
00-12,00,PA,NA,NA,state,NA,NA,NA,NA
00-12,00,RI,NA,NA,state,NA,NA,NA,NA
02-12,02,AR,0.4796220628390418,0.19459555802712314,state,NA,NA,NA,NA
02-12,02,CO,NA,NA,state,NA,NA,NA,NA
02-12,02,CT,0.6082103846626057,0.19168960336515853,state,NA,NA,NA,NA
02-12,02,FL,0.04590383317001223,0.09574678207042032,state,NA,NA,NA,NA
02-12,02,FL05,NA,NA,state,NA,NA,NA,NA
02-12,02,IA,NA,NA,state,NA,NA,NA,NA
02-12,02,IL,0.3253491953881335,0.10017276858009704,state,NA,NA,NA,NA
02-12,02,KY,NA,NA,state,NA,NA,NA,NA
02-12,02,MI,NA,NA,state,NA,NA,NA,NA
02-12,02,MO,0.23769141184080333,0.09516281620040275,state,NA,NA,NA,NA
02-12,02,MO05,NA,NA,state,NA,NA,NA,NA
02-12,02,MT,0.513752833318072,0.15312735363487961,state,NA,NA,NA,NA
02-12,02,NJ,NA,NA,state,NA,NA,NA,NA
02-12,02,NV,0.6142785669739711,0.1880911111864652,state,NA,NA,NA,NA
02-12,02,NY,0.2078651287562102,0.07302096213275013,state,NA,NA,NA,NA
02-12,02,OK,0.2816773935078302,0.20982552540687263,state,NA,NA,NA,NA
02-12,02,OR,NA,NA,state,NA,NA,NA,NA
02-12,02,PA,NA,NA,state,NA,NA,NA,NA
02-12,02,RI,NA,NA,state,NA,NA,NA,NA
04-12,04,AR,0.14682175382096996,0.045363673401416504,state,NA,NA,NA,NA
04-12,04,CO,NA,NA,state,NA,NA,NA,NA
04-12,04,CT,0.10040818052859987,0.0266698626032109,state,NA,NA,NA,NA
04-12,04,FL,0.05980567565910124,0.022803802144856385,state,NA,NA,NA,NA
04-12,04,FL05,NA,NA,state,NA,NA,NA,NA
04-12,04,IA,-0.027663751390613098,0.11509191284048585,state,NA,NA,NA,NA
04-12,04,IL,0.15037386401379169,0.02152067695841242,state,NA,NA,NA,NA
04-12,04,KY,NA,NA,state,NA,NA,NA,NA
04-12,04,MI,NA,NA,state,NA,NA,NA,NA
04-12,04,MO,0.04820490384969798,0.022868543014208615,state,NA,NA,NA,NA
04-12,04,MO05,NA,NA,state,NA,NA,NA,NA
04-12,04,MT,0.19621079606161568,0.05998699871240349,state,NA,NA,NA,NA
04-12,04,NJ,0.06286181364072344,0.020679831091339824,state,NA,NA,NA,NA
04-12,04,NV,0.1318322139907241,0.04181846922599481,state,NA,NA,NA,NA
04-12,04,NY,0.07055552702362394,0.01257829810683815,state,NA,NA,NA,NA
04-12,04,OK,0.14700490495529067,0.04167670536781298,state,NA,NA,NA,NA
04-12,04,OR,NA,NA,state,NA,NA,NA,NA
04-12,04,PA,0.24332449857776647,0.05386667694478469,state,NA,NA,NA,NA
04-12,04,RI,NA,NA,state,NA,NA,NA,NA
06-12,06,AR,0.1977502131904236,0.12697043096662583,state,NA,NA,NA,NA
06-12,06,CO,NA,NA,state,NA,NA,NA,NA
06-12,06,CT,0.17575740916724,0.08023782983723995,state,NA,NA,NA,NA
06-12,06,FL,0.06045824053374265,0.04253900841177605,state,NA,NA,NA,NA
06-12,06,FL05,NA,NA,state,NA,NA,NA,NA
06-12,06,IA,0.25770403181848645,0.07754768581846778,state,NA,NA,NA,NA
06-12,06,IL,0.30850118674329235,0.07518552146138996,state,NA,NA,NA,NA
06-12,06,KY,NA,NA,state,NA,NA,NA,NA
06-12,06,MI,NA,NA,state,NA,NA,NA,NA
06-12,06,MO,0.13186146361242898,0.04411795685668571,state,NA,NA,NA,NA
06-12,06,MO05,NA,NA,state,NA,NA,NA,NA
06-12,06,MT,0.16591425885054137,0.05987794648972424,state,NA,NA,NA,NA
06-12,06,NJ,0.26835979611365884,0.08950880374322916,state,NA,NA,NA,NA
06-12,06,NV,0.5430825455149699,0.13144520146465138,state,NA,NA,NA,NA
06-12,06,NY,0.12729878191909832,0.0613363078755741,state,NA,NA,NA,NA
06-12,06,OK,0.2410110978092685,0.12022535863764483,state,NA,NA,NA,NA
06-12,06,OR,0.27536980030190744,0.0711641789340857,state,NA,NA,NA,NA
06-12,06,PA,0.25330314931592257,0.10476463427012163,state,NA,NA,NA,NA
06-12,06,RI,NA,NA,state,NA,NA,NA,NA
08-12,08,AR,0.19959367974915534,0.027216190627520686,state,NA,NA,NA,NA
08-12,08,CO,NA,NA,state,NA,NA,NA,NA
08-12,08,CT,0.1608811769859294,0.015445162176742102,state,NA,NA,NA,NA
08-12,08,FL,0.10454678608472313,0.012436625313678383,state,NA,NA,NA,NA
08-12,08,FL05,NA,NA,state,NA,NA,NA,NA
08-12,08,IA,0.08131341839990366,0.03533212594536388,state,NA,NA,NA,NA
08-12,08,IL,0.07969366442319761,0.0131487048781345,state,NA,NA,NA,NA
08-12,08,KY,0.0753162803339445,0.021495763769502924,state,NA,NA,NA,NA
08-12,08,MI,NA,NA,state,NA,NA,NA,NA
08-12,08,MO,0.15530639563802126,0.01709406656921526,state,NA,NA,NA,NA
08-12,08,MO05,NA,NA,state,NA,NA,NA,NA
08-12,08,MT,0.111354532933981,0.029124947557456485,state,NA,NA,NA,NA
08-12,08,NJ,0.15478506132150377,0.013747216716300673,state,NA,NA,NA,NA
08-12,08,NV,0.17409599254912736,0.026611130462203966,state,NA,NA,NA,NA
08-12,08,NY,0.06800796712317526,0.012710814206264956,state,NA,NA,NA,NA
08-12,08,OK,0.1375490916064369,0.02317414186023541,state,NA,NA,NA,NA
08-12,08,OR,0.10769600602535492,0.024842234003184385,state,NA,NA,NA,NA
08-12,08,PA,0.12067562659577194,0.019288527472483198,state,NA,NA,NA,NA
08-12,08,RI,0.11308180895261549,0.030049309146931387,state,NA,NA,NA,NA
10-12,10,AR,0.19965565446150924,0.12313103566879205,state,NA,NA,NA,NA
10-12,10,CO,NA,NA,state,NA,NA,NA,NA
10-12,10,CT,0.09739084416609088,0.06257385526578628,state,NA,NA,NA,NA
10-12,10,FL,0.013564165474103154,0.06170069635262179,state,NA,NA,NA,NA
10-12,10,FL05,NA,NA,state,NA,NA,NA,NA
10-12,10,IA,0.08577306314148068,0.0664001306034623,state,NA,NA,NA,NA
10-12,10,IL,0.041314001741898275,0.05865421169106672,state,NA,NA,NA,NA
10-12,10,KY,0.23520015990583093,0.05164369006533398,state,NA,NA,NA,NA
10-12,10,MI,NA,NA,state,NA,NA,NA,NA
10-12,10,MO,0.025480449848870376,0.06866584891171125,state,NA,NA,NA,NA
10-12,10,MO05,NA,NA,state,NA,NA,NA,NA
10-12,10,MT,0.1652506655587923,0.0910049447604262,state,NA,NA,NA,NA
10-12,10,NJ,-0.13823890451436174,0.11824959829304264,state,NA,NA,NA,NA
10-12,10,NV,0.2874693515458781,0.08800188418999591,state,NA,NA,NA,NA
10-12,10,NY,0.03642787150898149,0.09634339910536278,state,NA,NA,NA,NA
10-12,10,OK,0.14910656544003165,0.08961008175960118,state,NA,NA,NA,NA
10-12,10,OR,0.11771234874588027,0.05348598275360226,state,NA,NA,NA,NA
10-12,10,PA,0.10447847104556189,0.12838122756727197,state,NA,NA,NA,NA
10-12,10,RI,0.23871256242985892,0.11727640780730675,state,NA,NA,NA,NA
92-12,92,AR,NA,NA,state,NA,NA,NA,NA
92-12,92,CO,NA,NA,state,NA,NA,NA,NA
92-12,92,CT,NA,NA,state,NA,NA,NA,NA
92-12,92,FL,0.6883910757923135,0.16451859855046838,state,NA,NA,NA,NA
92-12,92,FL05,NA,NA,state,NA,NA,NA,NA
92-12,92,IA,NA,NA,state,NA,NA,NA,NA
92-12,92,IL,0.5357810404932052,0.1070124288640881,state,NA,NA,NA,NA
92-12,92,KY,NA,NA,state,NA,NA,NA,NA
92-12,92,MI,NA,NA,state,NA,NA,NA,NA
92-12,92,MO,0.8570798971219834,0.17666922511623936,state,NA,NA,NA,NA
92-12,92,MO05,NA,NA,state,NA,NA,NA,NA
92-12,92,MT,NA,NA,state,NA,NA,NA,NA
92-12,92,NJ,NA,NA,state,NA,NA,NA,NA
92-12,92,NV,NA,NA,state,NA,NA,NA,NA
92-12,92,NY,NA,NA,state,NA,NA,NA,NA
92-12,92,OK,NA,NA,state,NA,NA,NA,NA
92-12,92,OR,NA,NA,state,NA,NA,NA,NA
92-12,92,PA,NA,NA,state,NA,NA,NA,NA
92-12,92,RI,NA,NA,state,NA,NA,NA,NA
94-12,94,AR,NA,NA,state,NA,NA,NA,NA
94-12,94,CO,NA,NA,state,NA,NA,NA,NA
94-12,94,CT,NA,NA,state,NA,NA,NA,NA
94-12,94,FL,-0.29254362568587017,0.3758435105767311,state,NA,NA,NA,NA
94-12,94,FL05,NA,NA,state,NA,NA,NA,NA
94-12,94,IA,NA,NA,state,NA,NA,NA,NA
94-12,94,IL,0.49391945079829824,0.251901786659769,state,NA,NA,NA,NA
94-12,94,KY,NA,NA,state,NA,NA,NA,NA
94-12,94,MI,NA,NA,state,NA,NA,NA,NA
94-12,94,MO,0.28374802432053187,0.25435163279389605,state,NA,NA,NA,NA
94-12,94,MO05,NA,NA,state,NA,NA,NA,NA
94-12,94,MT,NA,NA,state,NA,NA,NA,NA
94-12,94,NJ,NA,NA,state,NA,NA,NA,NA
94-12,94,NV,NA,NA,state,NA,NA,NA,NA
94-12,94,NY,NA,NA,state,NA,NA,NA,NA
94-12,94,OK,NA,NA,state,NA,NA,NA,NA
94-12,94,OR,NA,NA,state,NA,NA,NA,NA
94-12,94,PA,NA,NA,state,NA,NA,NA,NA
94-12,94,RI,NA,NA,state,NA,NA,NA,NA
96-12,96,AR,0.009223393193107587,0.18528031750069365,state,NA,NA,NA,NA
96-12,96,CO,NA,NA,state,NA,NA,NA,NA
96-12,96,CT,NA,NA,state,NA,NA,NA,NA
96-12,96,FL,0.17541855687932273,0.09389104095931938,state,NA,NA,NA,NA
96-12,96,FL05,NA,NA,state,NA,NA,NA,NA
96-12,96,IA,NA,NA,state,NA,NA,NA,NA
96-12,96,IL,0.41370114099268773,0.08784346537361347,state,NA,NA,NA,NA
96-12,96,KY,NA,NA,state,NA,NA,NA,NA
96-12,96,MI,NA,NA,state,NA,NA,NA,NA
96-12,96,MO,0.24484748271910547,0.12856805227065235,state,NA,NA,NA,NA
96-12,96,MO05,NA,NA,state,NA,NA,NA,NA
96-12,96,MT,NA,NA,state,NA,NA,NA,NA
96-12,96,NJ,NA,NA,state,NA,NA,NA,NA
96-12,96,NV,NA,NA,state,NA,NA,NA,NA
96-12,96,NY,NA,NA,state,NA,NA,NA,NA
96-12,96,OK,NA,NA,state,NA,NA,NA,NA
96-12,96,OR,NA,NA,state,NA,NA,NA,NA
96-12,96,PA,NA,NA,state,NA,NA,NA,NA
96-12,96,RI,NA,NA,state,NA,NA,NA,NA
98-12,98,AR,1.204308168163863,0.4510362397538328,state,NA,NA,NA,NA
98-12,98,CO,NA,NA,state,NA,NA,NA,NA
98-12,98,CT,NA,NA,state,NA,NA,NA,NA
98-12,98,FL,1.0877535520665413,0.3111074660834882,state,NA,NA,NA,NA
98-12,98,FL05,NA,NA,state,NA,NA,NA,NA
98-12,98,IA,NA,NA,state,NA,NA,NA,NA
98-12,98,IL,0.967978214353092,0.20352238951729534,state,NA,NA,NA,NA
98-12,98,KY,NA,NA,state,NA,NA,NA,NA
98-12,98,MI,NA,NA,state,NA,NA,NA,NA
98-12,98,MO,0.8299396090206942,0.30211530137978776,state,NA,NA,NA,NA
98-12,98,MO05,NA,NA,state,NA,NA,NA,NA
98-12,98,MT,NA,NA,state,NA,NA,NA,NA
98-12,98,NJ,NA,NA,state,NA,NA,NA,NA
98-12,98,NV,NA,NA,state,NA,NA,NA,NA
98-12,98,NY,NA,NA,state,NA,NA,NA,NA
98-12,98,OK,NA,NA,state,NA,NA,NA,NA
98-12,98,OR,NA,NA,state,NA,NA,NA,NA
98-12,98,PA,NA,NA,state,NA,NA,NA,NA
98-12,98,RI,NA,NA,state,NA,NA,NA,NA
00-12,00,meta,NA,NA,meta,0.18638364296519314,0.02380203467518718,0.19966429368157146,0.033638425739542864
02-12,02,meta,NA,NA,meta,0.2715021869068807,0.03910441594616868,0.3211133276265563,0.0645819091116232
04-12,04,meta,NA,NA,meta,0.0888295772829017,0.007373963788959014,0.10659059449807988,0.016078139163516192
06-12,06,meta,NA,NA,meta,0.17599560034318176,0.019202037877997728,0.20395798157660955,0.029390964875125367
08-12,08,meta,NA,NA,meta,0.11723830388583352,0.004686603580100806,0.12228748332098462,0.010283629188311489
10-12,10,meta,NA,NA,meta,0.11051980303285086,0.01915604182962655,0.10952119073658785,0.025261957745062964
92-12,92,meta,NA,NA,meta,0.6377103311993279,0.07998496483330951,0.6539061704182396,0.09628488554163085
94-12,94,meta,NA,NA,meta,0.2637055700128581,0.1615937998972994,0.2443521521910958,0.1891778431170356
96-12,96,meta,NA,NA,meta,0.266319295388742,0.05482797818373665,0.24640414368099486,0.07916866210075554
98-12,98,meta,NA,NA,meta,0.9855934130374565,0.1409350154754359,0.9855934130374565,0.1409350154754359
