years_window,upstream_year,downstream_year,state,cace,se,fe_cace,fe_se,re_cace,re_se
00-02,00,02,AR,0.13332512566808832,0.04890823296219309,NA,NA,NA,NA
00-02,00,02,CO,0.08622885989007703,0.023660136411639356,NA,NA,NA,NA
00-02,00,02,CT,0.1172666169957798,0.026163708422329852,NA,NA,NA,NA
00-02,00,02,FL,0.1639053870809754,0.017381844393239077,NA,NA,NA,NA
00-02,00,02,FL05,0.06256083891693247,0.01822232634048392,NA,NA,NA,NA
00-02,00,02,IA,NA,NA,NA,NA,NA,NA
00-02,00,02,IL,0.12031035956309911,0.014316326899354767,NA,NA,NA,NA
00-02,00,02,KY,NA,NA,NA,NA,NA,NA
00-02,00,02,MI,0.12881505758002004,0.01217387256514855,NA,NA,NA,NA
00-02,00,02,MO,0.10965068773719173,0.015076272273595984,NA,NA,NA,NA
00-02,00,02,MO05,0.10171984110213943,0.012785078723336481,NA,NA,NA,NA
00-02,00,02,MT,0.13783273413175984,0.05342644413554507,NA,NA,NA,NA
00-02,00,02,NJ,NA,NA,NA,NA,NA,NA
00-02,00,02,NV,0.23769663938789132,0.05107156377825012,NA,NA,NA,NA
00-02,00,02,NY,NA,NA,NA,NA,NA,NA
00-02,00,02,OK,0.1564681359567782,0.035891519895481325,NA,NA,NA,NA
00-02,00,02,OR,NA,NA,NA,NA,NA,NA
00-02,00,02,PA,NA,NA,NA,NA,NA,NA
00-02,00,02,RI,NA,NA,NA,NA,NA,NA
00-04,00,04,AR,0.2385045722710544,0.08949275678551537,NA,NA,NA,NA
00-04,00,04,CO,0.14314394938011935,0.05031410888075653,NA,NA,NA,NA
00-04,00,04,CT,0.28900468720022776,0.07413098763546312,NA,NA,NA,NA
00-04,00,04,FL,0.25002699878727996,0.03759294408679629,NA,NA,NA,NA
00-04,00,04,FL05,-0.07035245511666388,0.06999190336588602,NA,NA,NA,NA
00-04,00,04,IA,NA,NA,NA,NA,NA,NA
00-04,00,04,IL,0.1254094726424131,0.02986556946299783,NA,NA,NA,NA
00-04,00,04,KY,NA,NA,NA,NA,NA,NA
00-04,00,04,MI,NA,NA,NA,NA,NA,NA
00-04,00,04,MO,0.16819309991897527,0.03141880175968735,NA,NA,NA,NA
00-04,00,04,MO05,0.11119759555190743,0.021753463614189648,NA,NA,NA,NA
00-04,00,04,MT,0.24086884142763212,0.08385926921436401,NA,NA,NA,NA
00-04,00,04,NJ,NA,NA,NA,NA,NA,NA
00-04,00,04,NV,0.4071384641206982,0.0928856585955822,NA,NA,NA,NA
00-04,00,04,NY,NA,NA,NA,NA,NA,NA
00-04,00,04,OK,0.07484766002656114,0.07557465937822362,NA,NA,NA,NA
00-04,00,04,OR,NA,NA,NA,NA,NA,NA
00-04,00,04,PA,NA,NA,NA,NA,NA,NA
00-04,00,04,RI,NA,NA,NA,NA,NA,NA
02-04,02,04,AR,0.3258218961755506,0.1503280190406542,NA,NA,NA,NA
02-04,02,04,CO,0.14292217758464631,0.09676873317325363,NA,NA,NA,NA
02-04,02,04,CT,0.08982246252470535,0.15579909432991867,NA,NA,NA,NA
02-04,02,04,FL,0.06418826748760428,0.06617913411451408,NA,NA,NA,NA
02-04,02,04,FL05,0.14050140786355583,0.11493145537827325,NA,NA,NA,NA
02-04,02,04,IA,NA,NA,NA,NA,NA,NA
02-04,02,04,IL,0.1853145156866113,0.07106558529928728,NA,NA,NA,NA
02-04,02,04,KY,NA,NA,NA,NA,NA,NA
02-04,02,04,MI,NA,NA,NA,NA,NA,NA
02-04,02,04,MO,0.2417698415760116,0.07493203244890725,NA,NA,NA,NA
02-04,02,04,MO05,0.1013429811458561,0.0535118140815427,NA,NA,NA,NA
02-04,02,04,MT,0.42548120468109907,0.09933432677420669,NA,NA,NA,NA
02-04,02,04,NJ,NA,NA,NA,NA,NA,NA
02-04,02,04,NV,0.382635668873208,0.12151022261855107,NA,NA,NA,NA
02-04,02,04,NY,0.12961354656111926,0.07876267708474352,NA,NA,NA,NA
02-04,02,04,OK,0.3952476423737383,0.15841522804237,NA,NA,NA,NA
02-04,02,04,OR,NA,NA,NA,NA,NA,NA
02-04,02,04,PA,NA,NA,NA,NA,NA,NA
02-04,02,04,RI,NA,NA,NA,NA,NA,NA
02-06,02,06,AR,0.1474271861415505,0.10011556201931196,NA,NA,NA,NA
02-06,02,06,CO,0.20195616119718213,0.0662494682977201,NA,NA,NA,NA
02-06,02,06,CT,0.23478322475984215,0.10092634152931,NA,NA,NA,NA
02-06,02,06,FL,0.2439458819678959,0.07023103950794847,NA,NA,NA,NA
02-06,02,06,FL05,NA,NA,NA,NA,NA,NA
02-06,02,06,IA,NA,NA,NA,NA,NA,NA
02-06,02,06,IL,0.1776337359984735,0.0398109639980201,NA,NA,NA,NA
02-06,02,06,KY,NA,NA,NA,NA,NA,NA
02-06,02,06,MI,NA,NA,NA,NA,NA,NA
02-06,02,06,MO,0.2863125567041516,0.05391935327846824,NA,NA,NA,NA
02-06,02,06,MO05,NA,NA,NA,NA,NA,NA
02-06,02,06,MT,0.2723972642523591,0.10424674876396044,NA,NA,NA,NA
02-06,02,06,NJ,NA,NA,NA,NA,NA,NA
02-06,02,06,NV,0.23796737107284066,0.0749873512726637,NA,NA,NA,NA
02-06,02,06,NY,0.28797530449586833,0.03643823087929893,NA,NA,NA,NA
02-06,02,06,OK,0.07848357244792545,0.09314156246909591,NA,NA,NA,NA
02-06,02,06,OR,NA,NA,NA,NA,NA,NA
02-06,02,06,PA,NA,NA,NA,NA,NA,NA
02-06,02,06,RI,NA,NA,NA,NA,NA,NA
04-06,04,06,AR,0.15725704485905725,0.018609613522236185,NA,NA,NA,NA
04-06,04,06,CO,0.14787808764338184,0.011443584231769544,NA,NA,NA,NA
04-06,04,06,CT,0.11256072308620324,0.011858657021303275,NA,NA,NA,NA
04-06,04,06,FL,0.22335391776472552,0.013069863946753035,NA,NA,NA,NA
04-06,04,06,FL05,NA,NA,NA,NA,NA,NA
04-06,04,06,IA,0.1424734694588841,0.04849834301035741,NA,NA,NA,NA
04-06,04,06,IL,0.09708883776061283,0.0077747399726774856,NA,NA,NA,NA
04-06,04,06,KY,NA,NA,NA,NA,NA,NA
04-06,04,06,MI,NA,NA,NA,NA,NA,NA
04-06,04,06,MO,0.09452674809785785,0.012397419290734785,NA,NA,NA,NA
04-06,04,06,MO05,NA,NA,NA,NA,NA,NA
04-06,04,06,MT,0.2047503089404474,0.03781713665038297,NA,NA,NA,NA
04-06,04,06,NJ,0.08138409613256484,0.0074468694093171835,NA,NA,NA,NA
04-06,04,06,NV,0.14962997885177948,0.018807096162405033,NA,NA,NA,NA
04-06,04,06,NY,0.07496509286703792,0.005747670169659566,NA,NA,NA,NA
04-06,04,06,OK,0.11248728223555497,0.01707807890539194,NA,NA,NA,NA
04-06,04,06,OR,NA,NA,NA,NA,NA,NA
04-06,04,06,PA,0.2534910230272881,0.01647162010379233,NA,NA,NA,NA
04-06,04,06,RI,NA,NA,NA,NA,NA,NA
04-08,04,08,AR,0.2211372436295652,0.04328823713563166,NA,NA,NA,NA
04-08,04,08,CO,0.09084277463560585,0.02472872455528678,NA,NA,NA,NA
04-08,04,08,CT,0.16054558750634018,0.029440149362069425,NA,NA,NA,NA
04-08,04,08,FL,0.08122525960607659,0.020075407340607095,NA,NA,NA,NA
04-08,04,08,FL05,NA,NA,NA,NA,NA,NA
04-08,04,08,IA,-0.023963790593660036,0.09507386564711581,NA,NA,NA,NA
04-08,04,08,IL,0.08112983068883678,0.019986287757485115,NA,NA,NA,NA
04-08,04,08,KY,NA,NA,NA,NA,NA,NA
04-08,04,08,MI,NA,NA,NA,NA,NA,NA
04-08,04,08,MO,0.07890282765665416,0.02224908925363123,NA,NA,NA,NA
04-08,04,08,MO05,NA,NA,NA,NA,NA,NA
04-08,04,08,MT,0.22246058141721473,0.061954981601661824,NA,NA,NA,NA
04-08,04,08,NJ,0.12419244440372013,0.020583163829557004,NA,NA,NA,NA
04-08,04,08,NV,0.11649504840450337,0.03697703007335946,NA,NA,NA,NA
04-08,04,08,NY,0.13153842058272766,0.012808234101910627,NA,NA,NA,NA
04-08,04,08,OK,0.16368587359976083,0.03847459377557876,NA,NA,NA,NA
04-08,04,08,OR,NA,NA,NA,NA,NA,NA
04-08,04,08,PA,0.20323572455469704,0.05039481270505361,NA,NA,NA,NA
04-08,04,08,RI,NA,NA,NA,NA,NA,NA
06-08,06,08,AR,0.32996276120874785,0.11656447358056797,NA,NA,NA,NA
06-08,06,08,CO,0.08801329657866064,0.07875776777228918,NA,NA,NA,NA
06-08,06,08,CT,0.23078981270777982,0.09169883110603337,NA,NA,NA,NA
06-08,06,08,FL,0.023653669104773747,0.0383721428338053,NA,NA,NA,NA
06-08,06,08,FL05,NA,NA,NA,NA,NA,NA
06-08,06,08,IA,0.22766311601119446,0.06713838794706321,NA,NA,NA,NA
06-08,06,08,IL,0.23799227978521936,0.06679462739835026,NA,NA,NA,NA
06-08,06,08,KY,NA,NA,NA,NA,NA,NA
06-08,06,08,MI,NA,NA,NA,NA,NA,NA
06-08,06,08,MO,0.1292207235002774,0.045362635331595944,NA,NA,NA,NA
06-08,06,08,MO05,NA,NA,NA,NA,NA,NA
06-08,06,08,MT,0.1880579858028007,0.059325448868800756,NA,NA,NA,NA
06-08,06,08,NJ,0.2813754644339819,0.0917818049825633,NA,NA,NA,NA
06-08,06,08,NV,0.5669414780582982,0.12880721206075205,NA,NA,NA,NA
06-08,06,08,NY,0.1562873555993814,0.06474223608749914,NA,NA,NA,NA
06-08,06,08,OK,0.22879424899912237,0.11554902833585481,NA,NA,NA,NA
06-08,06,08,OR,0.25793318388356057,0.0595119403127819,NA,NA,NA,NA
06-08,06,08,PA,0.22635484054690594,0.10154310514543202,NA,NA,NA,NA
06-08,06,08,RI,NA,NA,NA,NA,NA,NA
06-10,06,10,AR,0.21176893475776037,0.0649917631003541,NA,NA,NA,NA
06-10,06,10,CO,NA,NA,NA,NA,NA,NA
06-10,06,10,CT,0.20905598346418774,0.04570478443090625,NA,NA,NA,NA
06-10,06,10,FL,0.05087692418613495,0.018575073477545768,NA,NA,NA,NA
06-10,06,10,FL05,NA,NA,NA,NA,NA,NA
06-10,06,10,IA,0.09650392437966974,0.04467155976423971,NA,NA,NA,NA
06-10,06,10,IL,0.18301675525222413,0.03572108917848062,NA,NA,NA,NA
06-10,06,10,KY,NA,NA,NA,NA,NA,NA
06-10,06,10,MI,NA,NA,NA,NA,NA,NA
06-10,06,10,MO,0.059650542785435655,0.022559032438747625,NA,NA,NA,NA
06-10,06,10,MO05,NA,NA,NA,NA,NA,NA
06-10,06,10,MT,0.086294968707869,0.039288665134125954,NA,NA,NA,NA
06-10,06,10,NJ,0.2589046147885197,0.03760309925266443,NA,NA,NA,NA
06-10,06,10,NV,0.16790470171421323,0.07804501406725034,NA,NA,NA,NA
06-10,06,10,NY,0.1828808754417744,0.024661879075400035,NA,NA,NA,NA
06-10,06,10,OK,0.10689551531592921,0.06704090353594465,NA,NA,NA,NA
06-10,06,10,OR,0.20304593208115224,0.0399107914279292,NA,NA,NA,NA
06-10,06,10,PA,0.07251160422711782,0.0405028079624967,NA,NA,NA,NA
06-10,06,10,RI,NA,NA,NA,NA,NA,NA
08-10,08,10,AR,0.106201313590641,0.015211620102811765,NA,NA,NA,NA
08-10,08,10,CO,NA,NA,NA,NA,NA,NA
08-10,08,10,CT,0.0832384142504068,0.008982907228782385,NA,NA,NA,NA
08-10,08,10,FL,0.08165206271337846,0.005357167282340895,NA,NA,NA,NA
08-10,08,10,FL05,NA,NA,NA,NA,NA,NA
08-10,08,10,IA,0.037922887869956075,0.01896942617100572,NA,NA,NA,NA
08-10,08,10,IL,0.09567092948204713,0.006002056585659923,NA,NA,NA,NA
08-10,08,10,KY,0.11673536280223076,0.011788089642372976,NA,NA,NA,NA
08-10,08,10,MI,NA,NA,NA,NA,NA,NA
08-10,08,10,MO,0.09035277215719384,0.008736562048879433,NA,NA,NA,NA
08-10,08,10,MO05,NA,NA,NA,NA,NA,NA
08-10,08,10,MT,0.12159293906524943,0.01730211666020272,NA,NA,NA,NA
08-10,08,10,NJ,0.08549061009050175,0.005090479717242174,NA,NA,NA,NA
08-10,08,10,NV,0.16937449212143021,0.015071944085025948,NA,NA,NA,NA
08-10,08,10,NY,0.06046873452336239,0.004886673602016212,NA,NA,NA,NA
08-10,08,10,OK,0.11396008833248125,0.012219577054353817,NA,NA,NA,NA
08-10,08,10,OR,0.10228613441612439,0.015892686546530147,NA,NA,NA,NA
08-10,08,10,PA,0.13246085180102185,0.006421045701135609,NA,NA,NA,NA
08-10,08,10,RI,0.06640654749779748,0.016628156103151732,NA,NA,NA,NA
08-12,08,12,AR,0.19959367974915534,0.027216190627520686,NA,NA,NA,NA
08-12,08,12,CO,NA,NA,NA,NA,NA,NA
08-12,08,12,CT,0.1608811769859294,0.015445162176742102,NA,NA,NA,NA
08-12,08,12,FL,0.10454678608472313,0.012436625313678383,NA,NA,NA,NA
08-12,08,12,FL05,NA,NA,NA,NA,NA,NA
08-12,08,12,IA,0.08131341839990366,0.03533212594536388,NA,NA,NA,NA
08-12,08,12,IL,0.07969366442319761,0.0131487048781345,NA,NA,NA,NA
08-12,08,12,KY,0.0753162803339445,0.021495763769502924,NA,NA,NA,NA
08-12,08,12,MI,NA,NA,NA,NA,NA,NA
08-12,08,12,MO,0.15530639563802126,0.01709406656921526,NA,NA,NA,NA
08-12,08,12,MO05,NA,NA,NA,NA,NA,NA
08-12,08,12,MT,0.111354532933981,0.029124947557456485,NA,NA,NA,NA
08-12,08,12,NJ,0.15478506132150377,0.013747216716300673,NA,NA,NA,NA
08-12,08,12,NV,0.17409599254912736,0.026611130462203966,NA,NA,NA,NA
08-12,08,12,NY,0.06800796712317526,0.012710814206264956,NA,NA,NA,NA
08-12,08,12,OK,0.1375490916064369,0.02317414186023541,NA,NA,NA,NA
08-12,08,12,OR,0.10769600602535492,0.024842234003184385,NA,NA,NA,NA
08-12,08,12,PA,0.12067562659577194,0.019288527472483198,NA,NA,NA,NA
08-12,08,12,RI,0.11308180895261549,0.030049309146931387,NA,NA,NA,NA
10-12,10,12,AR,0.19965565446150924,0.12313103566879205,NA,NA,NA,NA
10-12,10,12,CO,NA,NA,NA,NA,NA,NA
10-12,10,12,CT,0.09739084416609088,0.06257385526578628,NA,NA,NA,NA
10-12,10,12,FL,0.013564165474103154,0.06170069635262179,NA,NA,NA,NA
10-12,10,12,FL05,NA,NA,NA,NA,NA,NA
10-12,10,12,IA,0.08577306314148068,0.0664001306034623,NA,NA,NA,NA
10-12,10,12,IL,0.041314001741898275,0.05865421169106672,NA,NA,NA,NA
10-12,10,12,KY,0.23520015990583093,0.05164369006533398,NA,NA,NA,NA
10-12,10,12,MI,NA,NA,NA,NA,NA,NA
10-12,10,12,MO,0.025480449848870376,0.06866584891171125,NA,NA,NA,NA
10-12,10,12,MO05,NA,NA,NA,NA,NA,NA
10-12,10,12,MT,0.1652506655587923,0.0910049447604262,NA,NA,NA,NA
10-12,10,12,NJ,-0.13823890451436174,0.11824959829304264,NA,NA,NA,NA
10-12,10,12,NV,0.2874693515458781,0.08800188418999591,NA,NA,NA,NA
10-12,10,12,NY,0.03642787150898149,0.09634339910536278,NA,NA,NA,NA
10-12,10,12,OK,0.14910656544003165,0.08961008175960118,NA,NA,NA,NA
10-12,10,12,OR,0.11771234874588027,0.05348598275360226,NA,NA,NA,NA
10-12,10,12,PA,0.10447847104556189,0.12838122756727197,NA,NA,NA,NA
10-12,10,12,RI,0.23871256242985892,0.11727640780730675,NA,NA,NA,NA
92-94,92,94,AR,NA,NA,NA,NA,NA,NA
92-94,92,94,CO,0.1561362031405123,0.030649085489749425,NA,NA,NA,NA
92-94,92,94,CT,NA,NA,NA,NA,NA,NA
92-94,92,94,FL,0.18358357617158755,0.023608104329147696,NA,NA,NA,NA
92-94,92,94,FL05,0.15518650235943277,0.02059974107563396,NA,NA,NA,NA
92-94,92,94,IA,NA,NA,NA,NA,NA,NA
92-94,92,94,IL,0.10014945037266822,0.019433382102341336,NA,NA,NA,NA
92-94,92,94,KY,NA,NA,NA,NA,NA,NA
92-94,92,94,MI,NA,NA,NA,NA,NA,NA
92-94,92,94,MO,0.21512104971976181,0.03726774996979975,NA,NA,NA,NA
92-94,92,94,MO05,0.2156411006560437,0.033570768721500596,NA,NA,NA,NA
92-94,92,94,MT,NA,NA,NA,NA,NA,NA
92-94,92,94,NJ,NA,NA,NA,NA,NA,NA
92-94,92,94,NV,NA,NA,NA,NA,NA,NA
92-94,92,94,NY,NA,NA,NA,NA,NA,NA
92-94,92,94,OK,NA,NA,NA,NA,NA,NA
92-94,92,94,OR,NA,NA,NA,NA,NA,NA
92-94,92,94,PA,NA,NA,NA,NA,NA,NA
92-94,92,94,RI,NA,NA,NA,NA,NA,NA
92-96,92,96,AR,NA,NA,NA,NA,NA,NA
92-96,92,96,CO,0.09059042420600331,0.06283022012304465,NA,NA,NA,NA
92-96,92,96,CT,NA,NA,NA,NA,NA,NA
92-96,92,96,FL,0.24020904167902563,0.044787097246016636,NA,NA,NA,NA
92-96,92,96,FL05,0.25341369812404974,0.050943139763618084,NA,NA,NA,NA
92-96,92,96,IA,NA,NA,NA,NA,NA,NA
92-96,92,96,IL,0.18680884208240237,0.034647985464609954,NA,NA,NA,NA
92-96,92,96,KY,NA,NA,NA,NA,NA,NA
92-96,92,96,MI,NA,NA,NA,NA,NA,NA
92-96,92,96,MO,0.3244415885032559,0.05767196690438786,NA,NA,NA,NA
92-96,92,96,MO05,0.31217409920100947,0.05174812057786851,NA,NA,NA,NA
92-96,92,96,MT,NA,NA,NA,NA,NA,NA
92-96,92,96,NJ,NA,NA,NA,NA,NA,NA
92-96,92,96,NV,NA,NA,NA,NA,NA,NA
92-96,92,96,NY,NA,NA,NA,NA,NA,NA
92-96,92,96,OK,NA,NA,NA,NA,NA,NA
92-96,92,96,OR,NA,NA,NA,NA,NA,NA
92-96,92,96,PA,NA,NA,NA,NA,NA,NA
92-96,92,96,RI,NA,NA,NA,NA,NA,NA
94-96,94,96,AR,NA,NA,NA,NA,NA,NA
94-96,94,96,CO,-0.010891422528734923,0.10665164903852745,NA,NA,NA,NA
94-96,94,96,CT,NA,NA,NA,NA,NA,NA
94-96,94,96,FL,-0.046522221258663995,0.10407756553185947,NA,NA,NA,NA
94-96,94,96,FL05,-0.029916234734779217,0.12033977724233612,NA,NA,NA,NA
94-96,94,96,IA,NA,NA,NA,NA,NA,NA
94-96,94,96,IL,0.09856716285775939,0.0822127559249016,NA,NA,NA,NA
94-96,94,96,KY,NA,NA,NA,NA,NA,NA
94-96,94,96,MI,NA,NA,NA,NA,NA,NA
94-96,94,96,MO,0.16218221512088205,0.0852434525794341,NA,NA,NA,NA
94-96,94,96,MO05,0.24309710765683845,0.0739454812378194,NA,NA,NA,NA
94-96,94,96,MT,NA,NA,NA,NA,NA,NA
94-96,94,96,NJ,NA,NA,NA,NA,NA,NA
94-96,94,96,NV,NA,NA,NA,NA,NA,NA
94-96,94,96,NY,NA,NA,NA,NA,NA,NA
94-96,94,96,OK,NA,NA,NA,NA,NA,NA
94-96,94,96,OR,NA,NA,NA,NA,NA,NA
94-96,94,96,PA,NA,NA,NA,NA,NA,NA
94-96,94,96,RI,NA,NA,NA,NA,NA,NA
94-98,94,98,AR,NA,NA,NA,NA,NA,NA
94-98,94,98,CO,-0.029331322689979993,0.10206279233173052,NA,NA,NA,NA
94-98,94,98,CT,NA,NA,NA,NA,NA,NA
94-98,94,98,FL,0.06638722257364912,0.07316258244071254,NA,NA,NA,NA
94-98,94,98,FL05,0.07352727578473654,0.07073056957550265,NA,NA,NA,NA
94-98,94,98,IA,NA,NA,NA,NA,NA,NA
94-98,94,98,IL,0.16820648864998247,0.07250663853801544,NA,NA,NA,NA
94-98,94,98,KY,NA,NA,NA,NA,NA,NA
94-98,94,98,MI,NA,NA,NA,NA,NA,NA
94-98,94,98,MO,0.05168689316890565,0.06083493685251324,NA,NA,NA,NA
94-98,94,98,MO05,0.10134193373634459,0.06670104648910224,NA,NA,NA,NA
94-98,94,98,MT,NA,NA,NA,NA,NA,NA
94-98,94,98,NJ,NA,NA,NA,NA,NA,NA
94-98,94,98,NV,NA,NA,NA,NA,NA,NA
94-98,94,98,NY,NA,NA,NA,NA,NA,NA
94-98,94,98,OK,NA,NA,NA,NA,NA,NA
94-98,94,98,OR,NA,NA,NA,NA,NA,NA
94-98,94,98,PA,NA,NA,NA,NA,NA,NA
94-98,94,98,RI,NA,NA,NA,NA,NA,NA
96-00,96,00,AR,0.24610220525228757,0.09618705913199584,NA,NA,NA,NA
96-00,96,00,CO,0.15807526578262518,0.057261290789727165,NA,NA,NA,NA
96-00,96,00,CT,NA,NA,NA,NA,NA,NA
96-00,96,00,FL,0.1888433479641632,0.03906288682187949,NA,NA,NA,NA
96-00,96,00,FL05,0.11100326208779704,0.04015937216421687,NA,NA,NA,NA
96-00,96,00,IA,NA,NA,NA,NA,NA,NA
96-00,96,00,IL,0.1436407847278752,0.04281745949749321,NA,NA,NA,NA
96-00,96,00,KY,NA,NA,NA,NA,NA,NA
96-00,96,00,MI,0.31608629598451005,0.07320035359332955,NA,NA,NA,NA
96-00,96,00,MO,0.20863852809681296,0.06275752108220065,NA,NA,NA,NA
96-00,96,00,MO05,0.1792720875517766,0.056893412272646326,NA,NA,NA,NA
96-00,96,00,MT,NA,NA,NA,NA,NA,NA
96-00,96,00,NJ,NA,NA,NA,NA,NA,NA
96-00,96,00,NV,NA,NA,NA,NA,NA,NA
96-00,96,00,NY,NA,NA,NA,NA,NA,NA
96-00,96,00,OK,NA,NA,NA,NA,NA,NA
96-00,96,00,OR,NA,NA,NA,NA,NA,NA
96-00,96,00,PA,NA,NA,NA,NA,NA,NA
96-00,96,00,RI,NA,NA,NA,NA,NA,NA
96-98,96,98,AR,0.17850384417975146,0.05767582203742322,NA,NA,NA,NA
96-98,96,98,CO,0.03659636460542223,0.03924180587721535,NA,NA,NA,NA
96-98,96,98,CT,NA,NA,NA,NA,NA,NA
96-98,96,98,FL,0.10168118314274655,0.018642923278257142,NA,NA,NA,NA
96-98,96,98,FL05,0.060485820347948784,0.016810477144731422,NA,NA,NA,NA
96-98,96,98,IA,NA,NA,NA,NA,NA,NA
96-98,96,98,IL,0.15861768036080148,0.022710602758683477,NA,NA,NA,NA
96-98,96,98,KY,NA,NA,NA,NA,NA,NA
96-98,96,98,MI,0.4652047397625974,0.043157353943379925,NA,NA,NA,NA
96-98,96,98,MO,0.09800761988250715,0.026801604514601948,NA,NA,NA,NA
96-98,96,98,MO05,0.08174941743201207,0.02464171942685008,NA,NA,NA,NA
96-98,96,98,MT,NA,NA,NA,NA,NA,NA
96-98,96,98,NJ,NA,NA,NA,NA,NA,NA
96-98,96,98,NV,NA,NA,NA,NA,NA,NA
96-98,96,98,NY,NA,NA,NA,NA,NA,NA
96-98,96,98,OK,NA,NA,NA,NA,NA,NA
96-98,96,98,OR,NA,NA,NA,NA,NA,NA
96-98,96,98,PA,NA,NA,NA,NA,NA,NA
96-98,96,98,RI,NA,NA,NA,NA,NA,NA
98-00,98,00,AR,1.1218462323584322,0.21120487941842384,NA,NA,NA,NA
98-00,98,00,CO,0.07437904502462932,0.0662169962366285,NA,NA,NA,NA
98-00,98,00,CT,NA,NA,NA,NA,NA,NA
98-00,98,00,FL,0.22000805038978116,0.11943489709099432,NA,NA,NA,NA
98-00,98,00,FL05,0.1314600705218553,0.12122014535295998,NA,NA,NA,NA
98-00,98,00,IA,NA,NA,NA,NA,NA,NA
98-00,98,00,IL,0.33709766463976343,0.09153172866646651,NA,NA,NA,NA
98-00,98,00,KY,NA,NA,NA,NA,NA,NA
98-00,98,00,MI,0.22700414357710338,0.05759630017651334,NA,NA,NA,NA
98-00,98,00,MO,0.2598110715403251,0.17665597197548585,NA,NA,NA,NA
98-00,98,00,MO05,0.31936697654364443,0.13606099859330847,NA,NA,NA,NA
98-00,98,00,MT,NA,NA,NA,NA,NA,NA
98-00,98,00,NJ,NA,NA,NA,NA,NA,NA
98-00,98,00,NV,NA,NA,NA,NA,NA,NA
98-00,98,00,NY,NA,NA,NA,NA,NA,NA
98-00,98,00,OK,NA,NA,NA,NA,NA,NA
98-00,98,00,OR,NA,NA,NA,NA,NA,NA
98-00,98,00,PA,NA,NA,NA,NA,NA,NA
98-00,98,00,RI,NA,NA,NA,NA,NA,NA
98-02,98,02,AR,0.46630279995352447,0.19709189784642006,NA,NA,NA,NA
98-02,98,02,CO,0.10643668911633512,0.05324239139982341,NA,NA,NA,NA
98-02,98,02,CT,NA,NA,NA,NA,NA,NA
98-02,98,02,FL,0.33474500534365986,0.09752068454790279,NA,NA,NA,NA
98-02,98,02,FL05,0.25805736998130097,0.08874084318938905,NA,NA,NA,NA
98-02,98,02,IA,NA,NA,NA,NA,NA,NA
98-02,98,02,IL,0.3270814527634402,0.06627275611514839,NA,NA,NA,NA
98-02,98,02,KY,NA,NA,NA,NA,NA,NA
98-02,98,02,MI,0.18498932309916982,0.0384946367437284,NA,NA,NA,NA
98-02,98,02,MO,0.38723178507824374,0.12287535622416856,NA,NA,NA,NA
98-02,98,02,MO05,0.37478463303175236,0.09862612059128094,NA,NA,NA,NA
98-02,98,02,MT,NA,NA,NA,NA,NA,NA
98-02,98,02,NJ,NA,NA,NA,NA,NA,NA
98-02,98,02,NV,NA,NA,NA,NA,NA,NA
98-02,98,02,NY,NA,NA,NA,NA,NA,NA
98-02,98,02,OK,NA,NA,NA,NA,NA,NA
98-02,98,02,OR,NA,NA,NA,NA,NA,NA
98-02,98,02,PA,NA,NA,NA,NA,NA,NA
98-02,98,02,RI,NA,NA,NA,NA,NA,NA
00-02,00,02,meta,NA,NA,0.12741344241025218,0.006387300202786619,0.12880099494779135,0.008822717063057825
00-04,00,04,meta,NA,NA,0.18139307871422203,0.015857436542270443,0.19766132328409053,0.027408952462833397
02-04,02,04,meta,NA,NA,0.20009457844568052,0.029275423368004445,0.2169742365625232,0.041362438856874774
02-06,02,06,meta,NA,NA,0.23237648412558373,0.01909802562846159,0.22942603214541266,0.022274388220383114
04-06,04,06,meta,NA,NA,0.10949195135139003,0.0030728203457784787,0.14009074967675006,0.015980159496323882
04-08,04,08,meta,NA,NA,0.11652841637123229,0.006908001759296082,0.12249762959170293,0.012488643653303842
06-08,06,08,meta,NA,NA,0.1662543357627791,0.01790067046546099,0.20002370367429126,0.02962811949832049
06-10,06,10,meta,NA,NA,0.11921405256261493,0.009330401826795018,0.14097471314208018,0.020879439165191024
08-10,08,10,meta,NA,NA,0.09044929468301163,0.002089092926370595,0.09741396463194,0.0077287572863830875
08-12,08,12,meta,NA,NA,0.11723830388583352,0.004686603580100806,0.12228748332098462,0.010283629188311489
10-12,10,12,meta,NA,NA,0.11051980303285086,0.01915604182962655,0.10952119073658785,0.025261957745062964
92-94,92,94,meta,NA,NA,0.14705724801120065,0.012672767142755842,0.15892249122287333,0.02516335986317846
92-96,92,96,meta,NA,NA,0.20994762597205086,0.02302959368738717,0.2118123198471708,0.04321077281332456
94-96,94,96,meta,NA,NA,0.06794743069304555,0.046333833047237566,0.06768609910369701,0.04673511485785907
94-98,94,98,meta,NA,NA,0.07473795084584263,0.03668056238525609,0.07473604734909114,0.036692493239199944
96-00,96,00,meta,NA,NA,0.18929219796557323,0.02206263604617858,0.18929219796557323,0.02206263604617858
96-98,96,98,meta,NA,NA,0.13823446406038417,0.011399701227477894,0.17111052626695275,0.060976038089656126
98-00,98,00,meta,NA,NA,0.2256507318412572,0.035957332209089726,0.3367711852132027,0.12795333298442668
98-02,98,02,meta,NA,NA,0.2132354428355315,0.026239488711233456,0.2562025349931401,0.052125091226297875
