model,term,estimate,std_error,state_fe
1,(Intercept),0.22027563752910265,0.03581655491060349,FALSE
1,timedistance,8.978765019755554e-5,0.0035742287244988078,FALSE
1,turnoutrate1829,-0.2519909218493236,0.06351099514250966,FALSE
2,(Intercept),0.21712980559858702,0.03458491523838614,FALSE
2,timedistance,-6.293958892122901e-4,0.003655866757602343,FALSE
2,turnoutrate1829,-0.24495010594646052,0.06130170092033676,FALSE
2,battleground_P,0.032184168122026895,0.014669238327184813,FALSE
3,(Intercept),0.21640449035458897,0.035394554537167375,FALSE
3,timedistance,2.131576904850149e-4,0.0034283923482640024,FALSE
3,turnoutrate1829,-0.25781713396085154,0.06690961429917916,FALSE
3,battleground_PM,0.015516624413081005,0.012503353329966861,FALSE
4,(Intercept),0.22066747909457796,0.03760118557269326,FALSE
4,timedistance,0.0014258047547080306,0.0026743694306259136,FALSE
4,turnoutrate1829,-0.22609746152600155,0.06530574018411549,FALSE
4,state_cleanCO,0.014550238063576398,0.031414635706049694,TRUE
4,state_cleanCT,-0.009262396372360773,0.026803331110877796,TRUE
4,state_cleanFL,-0.02056179855972589,0.028557907805407234,TRUE
4,state_cleanIA,-0.021800707928511593,0.03427766913091501,TRUE
4,state_cleanIL,-0.00708442706146469,0.024903769442489516,TRUE
4,state_cleanKY,-0.00129444917651207,0.033757825371233945,TRUE
4,state_cleanMI,0.030578841890119317,0.10217654656922377,TRUE
4,state_cleanMO,-0.018848083608093882,0.026874620421893192,TRUE
4,state_cleanMT,0.024658225678618702,0.02968580018954745,TRUE
4,state_cleanNJ,-0.022957798926809016,0.026573813302103018,TRUE
4,state_cleanNV,0.037554356347881145,0.02862072251001224,TRUE
4,state_cleanNY,-0.056813041278905976,0.027933596810276465,TRUE
4,state_cleanOK,-0.004348561655906028,0.024127951796414183,TRUE
4,state_cleanOR,0.022929698177991637,0.028074522892961876,TRUE
4,state_cleanPA,0.03626041745071565,0.03575290036103991,TRUE
4,state_cleanRI,-0.027548123746389826,0.04438208255996698,TRUE
5,(Intercept),0.21612284567289572,0.03340240695753339,FALSE
5,timedistance,-7.869520759880778e-4,0.0028077718170195914,FALSE
5,turnoutrate1829,-0.16474706728513636,0.07789738440151736,FALSE
5,state_cleanCO,0.00777090421370851,0.031277888635319655,TRUE
5,state_cleanCT,-0.01623416443035717,0.022039663918289487,TRUE
5,state_cleanFL,-0.02612909351246921,0.026082243401260453,TRUE
5,state_cleanIA,-0.03992709391895082,0.029569217587330793,TRUE
5,state_cleanIL,-0.01209435466415116,0.021813599175568042,TRUE
5,state_cleanKY,-0.012195593123137047,0.05369733206933308,TRUE
5,state_cleanMI,0.031052378800854447,0.09679886219426234,TRUE
5,state_cleanMO,-0.02500174908948145,0.023048102215358367,TRUE
5,state_cleanMT,0.014224148266621139,0.02573227557673224,TRUE
5,state_cleanNJ,-0.029364699612767383,0.023538368525596463,TRUE
5,state_cleanNV,0.03240318529454075,0.025844507493623946,TRUE
5,state_cleanNY,-0.06025790672684094,0.02331676609915688,TRUE
5,state_cleanOK,-0.009582501684939057,0.020737187279345516,TRUE
5,state_cleanOR,0.0029637496367341076,0.025959852013097307,TRUE
5,state_cleanPA,0.030076614904130793,0.031135213797877495,TRUE
5,state_cleanRI,-0.039076054407952567,0.024495721280796377,TRUE
5,upstream_typePres,-0.019306594688705978,0.020649182880005095,FALSE
5,downstream_typePres,0.03589468397291143,0.011899531497948465,FALSE
