election,cace,se,arm,label
NOV2008,0.08847298923877153,0.05181204630659629,norecontact,Shown Vote
AUG2010,0.09028327516653223,0.07620191961027707,norecontact,Shown Vote
NOV2010,0.11455548898487468,0.0746151024824314,norecontact,Shown Vote
FEB2012,-0.1415090426519604,0.07117509112013595,norecontact,Shown Vote
AUG2012,-0.10837679712315505,0.0776431930476232,norecontact,Shown Vote
NOV2012,0.12990164658380865,0.06828503010502092,norecontact,Shown Vote
NOV2008,0.11871469238414185,0.09075792478238044,recontact,Shown Vote + Recontact
AUG2010,0.04144772335172885,0.1296823543013415,recontact,Shown Vote + Recontact
NOV2010,0.16677338131402752,0.12720394989969475,recontact,Shown Vote + Recontact
FEB2012,-0.0597515140248185,0.11612879007178295,recontact,Shown Vote + Recontact
AUG2012,-0.20385451577124128,0.13575323950809823,recontact,Shown Vote + Recontact
NOV2012,0.016596223145282113,0.12009265047993276,recontact,Shown Vote + Recontact
