arm,label,election,cace,se,type,n
treat1,Hawthorne,AUG2006,0.02539161322664896,0.003341008634045089,first_stage,37005
treat2,Civic Duty,AUG2006,0.0184366716676745,0.003330575732706108,first_stage,36903
treat3,Neighbors,AUG2006,0.082955612737800985,0.003451382979029369,first_stage,36893
treat4,Self,AUG2006,0.050005373854827485,0.003384425770934925,first_stage,37011
treat1,Hawthorne,NOV2006,-0.014345017449992026,0.07727623361141209,iv,37005
treat1,Hawthorne,JAN2008,0.11656157501030119,0.13035828965377733,iv,37005
treat1,Hawthorne,AUG2008,0.11809647353589338,0.12734206114342744,iv,37005
treat1,Hawthorne,NOV2008,-0.10880755169318913,0.07281884178461373,iv,37005
treat1,Hawthorne,AUG2010,0.16584153659685955,0.1306980146293355,iv,37005
treat1,Hawthorne,NOV2010,-0.17571815989100195,0.114734403332055,iv,37005
treat1,Hawthorne,FEB2012,0.1142491174095353,0.12960339468030702,iv,37005
treat1,Hawthorne,AUG2012,0.06012000952171797,0.1309337519049228,iv,37005
treat1,Hawthorne,NOV2012,-0.0014880994529971644,0.09410497118204075,iv,37005
treat2,Civic Duty,NOV2006,0.04146326846213624,0.10462040866127821,iv,36903
treat2,Civic Duty,JAN2008,0.2784806549475059,0.18004626452291494,iv,36903
treat2,Civic Duty,AUG2008,-0.10539848164534725,0.1859556803052043,iv,36903
treat2,Civic Duty,NOV2008,-0.07795462020833632,0.09782410596818665,iv,36903
treat2,Civic Duty,AUG2010,0.06664319282281722,0.18276584952654418,iv,36903
treat2,Civic Duty,NOV2010,-0.03478931175427207,0.15073865364548855,iv,36903
treat2,Civic Duty,FEB2012,-0.02309057326902665,0.18117075161290502,iv,36903
treat2,Civic Duty,AUG2012,-0.10486966401961363,0.18717490873761247,iv,36903
treat2,Civic Duty,NOV2012,-0.17348234867094867,0.13582505276637866,iv,36903
treat3,Neighbors,NOV2006,0.1277908073442738,0.02244101118465569,iv,36893
treat3,Neighbors,JAN2008,0.1461494660535414,0.03987566982711816,iv,36893
treat3,Neighbors,AUG2008,0.12499906927795322,0.03902438435399533,iv,36893
treat3,Neighbors,NOV2008,0.01669650396812726,0.02104348657438437,iv,36893
treat3,Neighbors,AUG2010,0.12249777679746451,0.040426930555622666,iv,36893
treat3,Neighbors,NOV2010,0.04669932759915863,0.03307428609892425,iv,36893
treat3,Neighbors,FEB2012,0.07214988568513415,0.03980537427448398,iv,36893
treat3,Neighbors,AUG2012,0.0605437897494046,0.040066048063853804,iv,36893
treat3,Neighbors,NOV2012,-0.0018502570976931926,0.028714481509656213,iv,36893
treat4,Self,NOV2006,0.05035071433321704,0.03838481653764816,iv,37011
treat4,Self,JAN2008,0.13250432866081108,0.06623539048752344,iv,37011
treat4,Self,AUG2008,0.16912350058969025,0.06433554959474241,iv,37011
treat4,Self,NOV2008,-0.009574346734563153,0.035497367864102396,iv,37011
treat4,Self,AUG2010,0.13404915437968834,0.06646354685670973,iv,37011
treat4,Self,NOV2010,0.052053039961686524,0.054849127029199495,iv,37011
treat4,Self,FEB2012,0.07253079190666463,0.06579409532878855,iv,37011
treat4,Self,AUG2012,0.18549456809727174,0.06531193627309936,iv,37011
treat4,Self,NOV2012,0.055426324598954725,0.047348094663026176,iv,37011
overid,All Instruments,NOV2006,0.1079539719566192,0.020641181086560476,overid,NA
overid,All Instruments,JAN2008,0.14208352815602943,0.03637486448001117,overid,NA
overid,All Instruments,AUG2008,0.13533426267274837,0.03550603991756092,overid,NA
overid,All Instruments,NOV2008,0.008536128378101596,0.0192609278722482,overid,NA
overid,All Instruments,AUG2010,0.12614776949102266,0.036792472222827784,overid,NA
overid,All Instruments,NOV2010,0.043420639599995876,0.030176827730714614,overid,NA
overid,All Instruments,FEB2012,0.0734339409922695,0.036276521076181394,overid,NA
overid,All Instruments,AUG2012,0.0886516354070964,0.03633912359780237,overid,NA
overid,All Instruments,NOV2012,0.01135390946654408,0.02615241567857964,overid,NA
treat0,Control,AUG2006,0.31129261863379465,0.0013484499228517645,control,184749
