years_window,upstream_year,downstream_year,state,fe_cace,fe_se,re_cace,re_se
00-02,00,02,meta,0.12741344241025218,0.006387300202786619,0.12880099494779135,0.008822717063057825
00-04,00,04,meta,0.18139307871422203,0.015857436542270443,0.19766132328409053,0.027408952462833397
02-04,02,04,meta,0.20009457844568052,0.029275423368004445,0.2169742365625232,0.041362438856874774
02-06,02,06,meta,0.23237648412558373,0.01909802562846159,0.22942603214541266,0.022274388220383114
04-06,04,06,meta,0.10949195135139003,0.0030728203457784787,0.14009074967675006,0.015980159496323882
04-08,04,08,meta,0.11652841637123229,0.006908001759296082,0.12249762959170293,0.012488643653303842
06-08,06,08,meta,0.1662543357627791,0.01790067046546099,0.20002370367429126,0.02962811949832049
06-10,06,10,meta,0.11921405256261493,0.009330401826795018,0.14097471314208018,0.020879439165191024
08-10,08,10,meta,0.09044929468301163,0.002089092926370595,0.09741396463194,0.0077287572863830875
08-12,08,12,meta,0.11723830388583352,0.004686603580100806,0.12228748332098462,0.010283629188311489
10-12,10,12,meta,0.11051980303285086,0.01915604182962655,0.10952119073658785,0.025261957745062964
92-94,92,94,meta,0.14705724801120065,0.012672767142755842,0.15892249122287333,0.02516335986317846
92-96,92,96,meta,0.20994762597205086,0.02302959368738717,0.2118123198471708,0.04321077281332456
94-96,94,96,meta,0.06794743069304555,0.046333833047237566,0.06768609910369701,0.04673511485785907
94-98,94,98,meta,0.07473795084584263,0.03668056238525609,0.07473604734909114,0.036692493239199944
96-00,96,00,meta,0.18929219796557323,0.02206263604617858,0.18929219796557323,0.02206263604617858
96-98,96,98,meta,0.13823446406038417,0.011399701227477894,0.17111052626695275,0.060976038089656126
98-00,98,00,meta,0.2256507318412572,0.035957332209089726,0.3367711852132027,0.12795333298442668
98-02,98,02,meta,0.2132354428355315,0.026239488711233456,0.2562025349931401,0.052125091226297875
