hhsize,election,cace,se,type,fe_cace,fe_se,re_cace,re_se,n
1,APR2009,0.04879923458579001,0.007567044935544087,first_stage,NA,NA,NA,NA,16638
2,APR2009,0.03486456869559663,0.008868725791343431,first_stage,NA,NA,NA,NA,16915
3,APR2009,0.0435634322766758,0.01778314211978133,first_stage,NA,NA,NA,NA,5086
1,aec_voted_2010p,0.47784525325333815,0.16485604461022493,iv,NA,NA,NA,NA,16638
1,aec_voted_2010g,0.39858191883133454,0.17694704031021372,iv,NA,NA,NA,NA,16638
1,aec_voted_2011cp,0.3055006203677247,0.21977588743174936,iv,NA,NA,NA,NA,16638
1,aec_voted_2011ce,0.46212406121221905,0.18255537847712838,iv,NA,NA,NA,NA,16638
1,aec_voted_2012p,0.4460162079326782,0.1497020593790019,iv,NA,NA,NA,NA,16638
1,aec_voted_2012g,0.23615838881141302,0.16291655412678452,iv,NA,NA,NA,NA,16638
2,aec_voted_2010p,-0.3658636547669483,0.3216936031787726,iv,NA,NA,NA,NA,16915
2,aec_voted_2010g,0.060187662325767,0.2626245171782493,iv,NA,NA,NA,NA,16915
2,aec_voted_2011cp,0.300776627763411,0.32831483953931806,iv,NA,NA,NA,NA,16915
2,aec_voted_2011ce,0.4631845940502699,0.2764623211092436,iv,NA,NA,NA,NA,16915
2,aec_voted_2012p,0.04272959448108381,0.2574280585033248,iv,NA,NA,NA,NA,16915
2,aec_voted_2012g,0.2306449837053324,0.23263212811573616,iv,NA,NA,NA,NA,16915
3,aec_voted_2010p,0.3090417645395262,0.42213739886453633,iv,NA,NA,NA,NA,5086
3,aec_voted_2010g,0.38904138079128986,0.43678804587028486,iv,NA,NA,NA,NA,5086
3,aec_voted_2011cp,0.14912873504804272,0.48662285463362975,iv,NA,NA,NA,NA,5086
3,aec_voted_2011ce,-0.2233815780422942,0.49318249433222694,iv,NA,NA,NA,NA,5086
3,aec_voted_2012p,-0.06335716830027699,0.4372346725494783,iv,NA,NA,NA,NA,5086
3,aec_voted_2012g,0.14247407112003924,0.4094782439161084,iv,NA,NA,NA,NA,5086
0,aec_voted_2010p,0.3030783596666259,0.13858198324043539,meta_fe,0.3030783596666259,0.13858198324043539,0.17648864354421795,0.2731381037978863,38639
0,aec_voted_2010g,0.30267603002476573,0.1391055160519989,meta_fe,0.30267603002476573,0.1391055160519989,0.30267603002476573,0.1391055160519989,38639
0,aec_voted_2011cp,0.2849128199691243,0.1709876405496621,meta_fe,0.2849128199691243,0.1709876405496621,0.2849128199691243,0.1709876405496621,38639
0,aec_voted_2011ce,0.4027085803184575,0.14555383983972073,meta_fe,0.4027085803184575,0.14555383983972073,0.40270714030155125,0.1455559813802302,38639
0,aec_voted_2012p,0.31128084863934563,0.12408979787413808,meta_fe,0.31128084863934563,0.12408979787413808,0.2521916458776124,0.17453458211816453,38639
0,aec_voted_2012g,0.22552370758716808,0.1268787654075119,meta_fe,0.22552370758716808,0.1268787654075119,0.22552370758716808,0.1268787654075119,38639
0,aec_voted_2010p,0.17648864354421795,0.2731381037978863,meta_re,0.3030783596666259,0.13858198324043539,0.17648864354421795,0.2731381037978863,38639
0,aec_voted_2010g,0.30267603002476573,0.1391055160519989,meta_re,0.30267603002476573,0.1391055160519989,0.30267603002476573,0.1391055160519989,38639
0,aec_voted_2011cp,0.2849128199691243,0.1709876405496621,meta_re,0.2849128199691243,0.1709876405496621,0.2849128199691243,0.1709876405496621,38639
0,aec_voted_2011ce,0.40270714030155125,0.1455559813802302,meta_re,0.4027085803184575,0.14555383983972073,0.40270714030155125,0.1455559813802302,38639
0,aec_voted_2012p,0.2521916458776124,0.17453458211816453,meta_re,0.31128084863934563,0.12408979787413808,0.2521916458776124,0.17453458211816453,38639
0,aec_voted_2012g,0.22552370758716808,0.1268787654075119,meta_re,0.22552370758716808,0.1268787654075119,0.22552370758716808,0.1268787654075119,38639
0,APR2009,0.04298882970519666,0.005476664444382132,first_stage_meta,NA,NA,0.042888792832858305,0.005783904572226404,38639
